"","GO_Pt1_Baseline","GO_Pt1_C1D1","GO_Pt1_C1D3","GO_Pt1_C1D7","GO_Pt1_C2D1","GO_Pt1_C3D1","GO_Pt1_Final","GO_Pt11_Baseline","GO_Pt11_C1D3","GO_Pt11_C1D7","GO_Pt11_C2D1","GO_Pt12_Baseline","GO_Pt12_C1D1","GO_Pt12_C1D3","GO_Pt12_C1D7","GO_Pt12_C2D1","GO_Pt12_C3D1","GO_Pt13_Baseline","GO_Pt13_C1D1","GO_Pt13_C1D3","GO_Pt13_C1D7","GO_Pt13_C2D1","GO_Pt13_C3D1","GO_Pt14_Baseline","GO_Pt14_C1D1","GO_Pt14_C1D3","GO_Pt14_C2D1","GO_Pt14_C3D1","GO_Pt14_Final","GO_Pt15_Baseline","GO_Pt15_C1D1","GO_Pt15_C1D3","GO_Pt15_C1D7","GO_Pt15_C2D1","GO_Pt16_Baseline","GO_Pt16_C1D1","GO_Pt17_Baseline","GO_Pt17_C1D1","GO_Pt17_C1D7","GO_Pt17_C2D1","GO_Pt17_C3D1","GO_Pt17_Final","GO_Pt18_Baseline","GO_Pt18_C1D1","GO_Pt18_C1D3","GO_Pt18_C1D7","GO_Pt18_C2D1","GO_Pt18_C3D1","GO_Pt18_Final","GO_Pt19_Baseline","GO_Pt19_C1D1","GO_Pt19_C1D3","GO_Pt19_C1D7","GO_Pt19_C2D1","GO_Pt19_C3D1","GO_Pt2_Baseline","GO_Pt2_C1D1","GO_Pt2_C1D3","GO_Pt2_C1D7","GO_Pt2_C2D1","GO_Pt2_C3D1","GO_Pt20_Baseline","GO_Pt20_C1D1","GO_Pt20_C1D3","GO_Pt20_C1D7","GO_Pt20_C2D1","GO_Pt20_C3D1","GO_Pt21_Baseline","GO_Pt21_C1D1","GO_Pt21_C1D3","GO_Pt21_C1D7","GO_Pt22_Baseline","GO_Pt22_C1D1","GO_Pt22_C1D3","GO_Pt22_C1D7","GO_Pt22_C2D1","GO_Pt23_Baseline","GO_Pt23_C1D1","GO_Pt23_C1D3","GO_Pt23_C1D7","GO_Pt23_C2D1","GO_Pt23_C3D1","GO_Pt24_Baseline","GO_Pt24_C1D1","GO_Pt25_Baseline","GO_Pt25_C1D1","GO_Pt25_C1D3","GO_Pt25_C2D1","GO_Pt25_C3D1","GO_Pt25_Final","GO_Pt29_Baseline","GO_Pt29_C1D1","GO_Pt29_C1D3","GO_Pt29_C2D1","GO_Pt29_C3D1","GO_Pt30_Baseline","GO_Pt30_C1D1","GO_Pt30_C1D3","GO_Pt30_C3D1","GO_Pt31_Baseline","GO_Pt31_C1D1","GO_Pt31_C1D3","GO_Pt31_C1D7","GO_Pt31_C2D1","GO_Pt31_C3D1","GO_Pt31_Final","GO_Pt32_Baseline","GO_Pt32_C1D1","GO_Pt32_C1D3","GO_Pt32_C1D7","GO_Pt32_C2D1","GO_Pt33_Baseline","GO_Pt33_C1D1","GO_Pt33_C1D3","GO_Pt33_C1D7","GO_Pt33_C2D1","GO_Pt33_Final","GO_Pt34_Baseline","GO_Pt34_C1D1","GO_Pt34_C1D3","GO_Pt35_Baseline","GO_Pt35_C1D1","GO_Pt35_C1D3","GO_Pt35_C1D7","GO_Pt35_C2D1","GO_Pt35_C3D1","GO_Pt35_Final","GO_Pt38_Baseline","GO_Pt38_C1D1","GO_Pt38_C1D3","GO_Pt38_C1D7","GO_Pt38_C2D1","GO_Pt38_C3D1","GO_Pt38_Final","GO_Pt39_Baseline","GO_Pt4_Baseline","GO_Pt4_C1D1","GO_Pt4_C1D3","GO_Pt4_C1D7","GO_Pt4_C2D1","GO_Pt4_C3D1","GO_Pt40_Baseline","GO_Pt40_C1D3","GO_Pt40_C1D7","GO_Pt40_C2D1","GO_Pt42_Baseline","GO_Pt42_C1D1","GO_Pt42_C1D3","GO_Pt42_C1D7","GO_Pt42_C2D1","GO_Pt42_C3D1","GO_Pt42_Final","GO_Pt43_Baseline","GO_Pt43_C1D1","GO_Pt43_C1D3","GO_Pt43_C1D7","GO_Pt43_C2D1","GO_Pt43_C3D1","GO_Pt43_Final","GO_Pt44_Baseline","GO_Pt44_C1D1","GO_Pt44_C1D3","GO_Pt44_C1D7","GO_Pt44_C2D1","GO_Pt45_Baseline","GO_Pt45_C1D1","GO_Pt45_C1D3","GO_Pt45_C1D7","GO_Pt45_C2D1","GO_Pt45_C3D1","GO_Pt45_Final","GO_Pt47_Baseline","GO_Pt47_C1D1","GO_Pt47_C1D3","GO_Pt47_C1D7","GO_Pt47_C2D1","GO_Pt50_Baseline","GO_Pt50_C1D1","GO_Pt50_C1D3","GO_Pt50_C1D7","GO_Pt50_C2D1","GO_Pt50_C3D1","GO_Pt50_Final","GO_Pt51_Baseline","GO_Pt51_C1D1","GO_Pt51_C1D3","GO_Pt51_C1D7","GO_Pt51_C2D1","GO_Pt51_C3D1","GO_Pt51_Final","GO_Pt52_Baseline","GO_Pt52_C1D1","GO_Pt52_C1D3","GO_Pt52_C1D7","GO_Pt52_C2D1","GO_Pt52_C3D1","GO_Pt52_Final","GO_Pt53_Baseline","GO_Pt53_C1D1","GO_Pt53_C1D3","GO_Pt53_C1D7","GO_Pt53_C2D1","GO_Pt54_Baseline","GO_Pt54_C1D1","GO_Pt54_C1D3","GO_Pt54_C1D7","GO_Pt54_C2D1","GO_Pt54_C3D1","GO_Pt54_Final","GO_Pt6_C1D1","GO_Pt6_C1D3","GO_Pt6_C1D7","GO_Pt6_C2D1","GO_Pt6_C3D1","GO_Pt7_Baseline","GO_Pt7_C1D1","GO_Pt7_C1D3","GO_Pt7_C1D7","GO_Pt7_C2D1","GO_Pt9b_Baseline","GO_Pt9b_C1D1","GO_Pt9b_C1D3","GO_Pt9b_C2D1","GO_Pt9b_C3D1","GO_Pt9c_C1D3"
"k__Archaea|p__Candidatus_Thermoplasmatota|c__Thermoplasmata",0,0,0,0,0,0,0,0,0,0,0,0,0,0,0,0,0,0,0,0,0,0,0,0,0,0,0,0,0,0,0,0,0,0,0,0,0,0,0,0.01176,0,0,0,0,0,0,0,0,0,0,0,0,0,0,0,0,0,0,0,0,0,0,0,0,0,0,0,0,0,0,0,0,0,0,0,0,0,0,0,0,0,0,0,0,0,0,0,0,0,0,0,0,0,0,0,0,0,0,0,0,0,0,0,0,0,0,0,0,0,0,0,0,0,0,0,0,0,0,0,0,0,0,0,0,0,0,0,0,0,0,0,0,0,0,0,0,0,0,0,0,0,0,0,0,0,0,0,0,0,0,0,0,0,0,0,0,0,0,0,0,0,0,0,0,0,0,0,0,0,0,0,0,0,0,0,0,0,0,0,0.08649,0.00539,0.01419,0.01343,0,0,0,0,0,0,0,0,0,0,0,0,0,0,0,0,0,0,0,0,0,0,0,0,0,0,0,0,0,0,0,0,0,0,0,0,0,0,0,0,0,0
"k__Archaea|p__Euryarchaeota|c__CFGB343",0,0,0,0,0,0,0,0,0,0,0,0,0,0,0,0,0,0,0,0,0,0,0,0,0,0,0,0,0,0,0,0,0,0,0,0,0,0,0,0,0,0,0,0,0,0,0,0,0,0,0,0,0,0,0,0,0,0,0,0,0,0,0,0,0,0,0,0,0,0,0,0,0,0,0,0,0,0,0,0,0,0,0,0,0,0,0,0,0,0,0,0,0,0,0,0,0,0,0,1.1501,2.987,0.95929,1.66736,1.31716,0.20798,3e-05,0,0,0,0,0,0,0,0,0,0,0,0,0,0,0,0,0,0,0,0,0,0,0,0,0,0,0,0,0,0,0,0,0,0,0,0,0,0,0,0,0,0,0,0,0,0,0,0,0,0,0,0,0,0,0,0,0,0,0,0,0,0,0,0,0,0,0,0,0,0,0,0,0,0,0,0,0,0,0,0,0,0,0,0,0,0,0,0,0,0,0,0,0,0,0,0,0,0,0,0,0,0,0,0,0,0,0,0,0,0,0,0,0,0,0,0,0,0,0
"k__Archaea|p__Euryarchaeota|c__Methanobacteria",0,0,0,0,0,0,0,0,0,0,0,0,0,0,0,0,0,0,0,0,0,0,0,0,0,0,0,0,1.06853,0.86721,1.39598,0,0.66079,2.60377,0,0,0.00295,0.00724,0,0.05271,0,0,0,0,0,0,0,0,0,0,0,0,0,0,0,0,0,0,0,0,0,0,0,0,0,0,0,0,0,0,0,0,0,0,0,0,0,0,0,0,0,0,0.77761,1.30891,0.92805,0.91269,0.97844,0.77087,0.21901,0.33914,0.11854,0.44892,0.31732,0.28152,0.57702,0,0,0,0,0.00097,0.03538,0.47589,0.85179,0.63732,1.12791,0.3033,0,0,0,0,0,0,0,0,0,0,0,0,0,0,0,0,0,0,0,0,0,0,0,0,0,0,0,0,0,0,0.00633,0,0,0,0,0.06177,0.62776,0.43495,0.68323,0,0,0,0,0,0,0,0,0,0,0,0,0,0,1.10953,0.97644,0.92941,0.53626,0.16856,0.07431,0.13456,0.12022,0.01409,0.00146,0,0,0,0,0,0,0,0.67223,0.60164,1.12683,0.84388,0.55128,0.64887,0.76848,0,0,0.00153,0.0173,0,0,0,0,0,0,0,0,0,0,0,0,0,0,0,0,0,0,0,0,0,0,0,0,0,0,0,0,0,0,0,0,0.48065,0.63035,1.14372,1.00306,0.09577,0.3866
"k__Bacteria|p__Actinobacteria|c__Actinobacteria",0.01043,0.01312,0.01921,0.06693,0.01275,0.0196,0.02033,0.05893,0.07072,0.13717,0.15342,15.75375,6.02332,6.07912,4.86623,7.59275,16.18529,0.75159,0.30467,0.14356,0.99924,0.87645,4.30709,6.71109,2.57516,2.21793,2.75831,1.71239,7.27724,0.79381,0.8854,0,0.28351,4.27656,28.58399,26.8296,0.03044,0.11965,0.14148,0.07838,0.14212,3.36895,2.50759,2.11882,1.44401,2.86915,4.93961,15.87226,0.73008,1.17568,0,1.00241,0.31685,0.4606,0.18646,3.84318,2.32509,16.06181,4.3469,2.13603,1.7059,5.85128,2.91613,3.10398,0.11832,3.97242,8.72261,4.12981,3.70044,1.19131,7.19561,9.43625,10.77503,4.92382,1.96348,15.91423,0.2509,0.31717,0.43638,0.29666,0.2095,1.23099,0.06217,0.0272,0.12037,0.13727,0.08546,0.17236,0.38056,0.02684,1.46572,1.62498,0.53379,1.30711,1.9303,11.55092,10.61226,11.00809,9.17238,5.95895,2.33383,2.49927,6.4032,1.36338,0.9166,0.07098,0.01133,0.44345,0.14136,0.28357,0.33134,2.60648,9.77018,0.49237,8.2976,4.58051,0.82626,0.75826,0.46115,0.18694,0.12851,0.03641,0.00542,0.0673,0.08754,0.28819,0.33431,2.19846,7.20813,1.94117,5.70553,5.85616,7.23201,5.12068,3.89155,0.15602,2.68135,3.94236,0.32399,1.19252,0.27515,0,0.00496,0.00643,0.61273,4.80843,0.50014,0.14497,0.7699,9.19502,1.49257,1.08778,0.04594,0.00659,0.00865,0.037,0.02986,0.02871,0.04098,1.47593,4.01858,5.50639,7.1211,7.17077,3.75447,2.44295,1.26986,1.50646,0.68145,1.483,1.06719,0.16953,0.22694,0.33687,0.0969,0.20503,0.01364,0.02849,0.02413,0.02982,0.05573,0.09426,0.08291,3.02035,2.98176,2.5717,1.69077,2.90286,1.14827,4.95984,12.69364,14.63718,12.07185,9.58137,6.25691,18.01756,2.15649,0.09457,0.20378,0.1979,0.02955,0,5.99046,2.67134,1.52166,2.68619,8.8306,1.58254,3.41328,3.70098,1.43376,2.79235,4.2528,4.36239,14.53555,33.87695,10.09362,1.76767,42.06203,6.14201,1.44761,2.59394,3.4227,3.80342,1.01441
"k__Bacteria|p__Actinobacteria|c__CFGB25442",0,0,0,0,0,0,0,0,0,0,0,0,0,0,0,0,0,0,0,0,0,0,0,0,0,0,0,0,0,0,0,0,0,0,0,0,0,0,0,0,0,0,0,0,0,0,0,0,0,0,0,0,0,0,0,0,0,0,0,0,0,0,0,0,0,0,0,0,0,0,0,0,0,0,0,0,0,0.00084,0,0,0,0,0,0,0,0,0,0,0,0,0,0,0,0,0,0,0,0,0,0,0,0,0,0,0,0,0,0,0,0,0,0,0,0,0,0,0,0,0,0,0,0,0,0,0,0,0,0,0,0,0,0,0,0,0,0,0,0,0,0,0,0,0,0,0,0,0,0,0,0,0,0,0,0,0,0,0,0,0,0.04836,0.08982,0.19592,0.19205,0.02824,0,0,0,0,0,0,0,0,0,0,0,0,0,0,0,0,0,0,0,0,0,0,0,0,0,0,0,0,0,0,0,0,0,0,0,0,0,0,0,0,0,0,0,0,0,0.15406,0.12747,0.10151,0.09941,0.04914,0,0,0,0,0,0,0,0,0,0,0
"k__Bacteria|p__Actinobacteria|c__CFGB9370",0,0,0,0,0,0,0,0,0,0,0,0,0,0,0,0,0,0,0,0,0,0,0,0,0,0,0,0,0,0,0,0,0,0,0,0,0.02083,0.10843,0,0,0.01581,0,0,0,0,0,0,0,0,0,0,0,0,0,0,0,0,0,0,0,0,0,0,0,0,0,0,0,0,0,0,0,0,0,0,0,0.00872,0.01756,0.00598,0,0.00447,0.00585,0,0,0.00558,0.00843,0.02278,0.01728,0.02746,0.02488,0.00943,0.00855,0,0.08231,0.01226,0,0,0,0,0.00245,0.00369,0.00237,0,0.0035,0.0022,0.00299,0,0,0,0,0,0,0,0,0,0,0,0,0,0,0,0,0,0,0,0,0,0,0,0.00318,0.0274,0.07444,0.07076,0.07623,0,0,0,0,0,0,0,0,0,0,0,0,0,0,0,0,0,0,0,0,0,0,0,0,0,0,0,0.00124,0.00183,0.01176,0.05321,0.03164,0.0154,0.017,0.01882,0.01043,0,0,0,0,0,0,0,0,0,0,0,0,0,0,0,0,0,0,0,0,0,0,0,0,0,0,0,0,0,0,0,0,0,0,0,0,0,0,0,0,0,0,0,0,0,0,0,0,0,0,0,0,0,0,0
"k__Bacteria|p__Actinobacteria|c__Coriobacteriia",5.80762,5.35395,2.7122,2.38123,5.60883,4.62159,3.5412,0.79277,0.6358,0.61904,0.41996,4.74638,4.36252,3.59735,3.95861,1.95484,9.45986,1.50764,1.1986,0.87815,1.8546,1.76618,2.02263,1.20594,0.74925,0.61331,1.07208,0.61153,1.43474,1.68753,1.28829,0,1.17743,2.23441,0.01657,0.19731,1.99483,2.17427,1.3159,1.71598,1.09239,0.07531,0.00166,0.00012,0.00195,0,0,0,0.69888,4.38287,2.15008,6.51014,6.21171,5.58933,5.70592,0.15694,0.2171,0.19367,0.17759,0.43263,0.16717,1.25012,2.01973,2.40519,0.65317,1.85405,1.23523,1.00314,0.70096,1.70968,1.73427,1.155,1.3257,1.41712,1.13574,3.36227,1.55923,3.2614,1.79974,2.29269,1.15616,1.73145,4.85435,5.47505,1.22377,1.31436,2.01815,1.6637,1.70968,2.13651,2.1997,2.42323,1.46311,2.9075,2.08301,2.04894,1.588,1.18101,2.19549,5.05667,3.4515,5.51323,5.25399,2.37701,2.27072,1.90896,0.2984,0.30454,0.95081,0.2589,0.66386,1.47142,2.60789,1.87524,3.53067,4.03964,0.66929,0,0,0.00914,2.35295,1.89295,0.96464,0.95133,1.97925,2.22542,2.30207,2.12525,3.1318,2.38628,0.97742,4.25445,3.7373,3.56203,0.00288,1.9724,1.85213,8.73717,1.30213,1.71423,1.86846,1.80563,2.03523,0.92601,1.95808,2.67839,1.2679,1.74739,1.33595,2.78957,2.13448,1.10069,1.71359,1.43346,1.42414,1.31955,1.38894,1.16256,2.03075,1.78611,3.584,4.38458,2.73354,2.23334,4.67411,3.12272,5.87127,2.62272,2.04165,3.43212,6.66597,0.00108,1.67373,1.24039,0.6055,0.40779,0.39299,0.25816,0.37935,0.31414,0.35203,0.4693,0.66939,3.42258,5.1356,7.3008,5.28179,5.56376,4.25205,7.66901,0.80433,1.37299,0.98574,2.28,2.59429,0.69531,2.82211,0.00034,0.03904,0.01184,0,4.07577,0.39074,0.73531,1.44551,0.69703,0.89197,0.59577,0.95235,2.74217,1.72584,2.36315,1.95161,1.96592,0.74097,0.7492,0.79002,0.13942,0.34525,1.40289,1.02989,1.3486,1.11538,1.30582,1.4439
"k__Bacteria|p__Bacteria_unclassified|c__Bacteria_unclassified",0,0,0,0,0,0,0,0,0,0,0,0,0,0,0,0,0,0,0,0,0,0,0,0,0,0,0,0,0,0,0,0,0,0,0,0,0,0,0,0,0,0,0,0,0,0,0,0,0.01355,0,0,0,0,0,0,0,0,0,0,0,0,0,0,0,0,0,0,0,0,0,0,0,0,0,0,0,0,0,0,0,0,0,0,0,0,0,0,0,0,0,0,0,0,0,0,0,0,0,0,0,0,0,0,0,0,0,0,0,0,0,0,0,0,0,0,0,0,0,0,0,0,0,0,0,0,0,0,0,0,0,0,0,0,0,0,0,0,0,0,0,0,0,0.00368,0,0,0,0,0,0,0,0,0,0,0,0,0,0,0,0,0,0,0,0,0,0,0,0,0,0,0,0,0,0,0,0,0,0,0,0,0,0,0,0,0,0,0,0,0,0,0,0,0,0,0,0,0,0,0,0,0,0,0,0,0,0,0,0,0,0,0,0,0,0,0,0,0,0,0,0,0,0.00104,0,0,0,0
"k__Bacteria|p__Bacteroidetes|c__Bacteroidia",15.06714,13.36684,24.77172,9.52545,7.91633,9.1907,7.40012,0,5.44107,0.91814,3.4894,12.71424,17.58463,17.20338,16.68098,14.10064,0.87017,6.60247,6.94685,6.17757,7.4846,7.25411,7.50756,22.46207,15.70423,15.2479,21.16845,10.92452,12.128,22.99996,21.2309,96.96477,36.20786,21.61553,0,0,15.84574,8.4823,24.03711,13.34872,21.22155,2.55344,27.05331,26.86095,5.84352,10.3535,13.33179,12.82282,18.81306,21.69184,79.94008,12.72384,21.66521,21.52114,25.55596,34.27768,36.51245,0.07174,2.10541,0.25727,43.27714,18.60731,24.76581,18.1465,0.0199,33.5723,17.76522,12.14743,11.10427,1.22566,25.30357,19.91393,21.87201,33.24537,20.54578,13.26795,17.47798,16.10082,23.03589,20.16832,24.73044,15.0877,14.88563,6.04215,12.67867,13.82925,14.56791,16.00647,20.86326,7.62915,18.10695,9.58599,26.41307,9.84162,23.99269,17.0179,8.83586,9.90153,8.7852,29.27793,37.50619,11.94496,13.09399,21.83709,14.74284,17.74074,25.92539,27.58413,27.60489,24.82265,20.67967,19.17463,4.87899,35.66783,27.77,33.38776,45.42193,52.29864,57.26804,63.19268,0.39678,0,0,0,0.00098,0,0,23.55406,21.32212,12.81421,12.97313,13.29184,7.91821,23.02712,0,33.27904,13.77381,7.29432,17.45162,31.45725,34.68661,34.21718,15.93486,32.11409,23.9498,20.14992,40.64866,18.67022,42.39844,21.34138,55.70119,35.59604,29.01752,30.02701,28.36268,37.76845,40.38913,28.04495,22.6234,27.71965,25.39432,33.06327,22.23401,32.67986,10.39775,14.95894,22.50016,32.04541,32.43177,39.22919,30.72998,0,0,0,0,0,11.64364,8.41569,6.7674,11.06103,10.642,12.70975,7.06787,11.6551,17.85185,13.92176,12.42944,3.44996,27.30782,10.42776,0.0245,0,0.26995,0.00371,0,0,0,0.14923,1.79371,9.23966,19.08001,41.77792,12.59396,13.7248,11.63765,20.09344,0.82473,1.29901,3.40848,6.66053,22.10479,18.07962,25.82786,16.56754,30.47136,11.88648,13.83507,18.18913,10.27197,24.58214,27.35112,26.10234,28.29357,14.43538,20.17254
"k__Bacteria|p__Bacteroidetes|c__CFGB4425",0,0,0,0,0,0,0,0,0,0,0,0,0,0,0,0,0,0.8464,0.91065,0.65589,0.35399,0.1579,0.21097,0,0,0,0,0,0,0,0,0,0,0,0,0,0,0,0,0,0,0,0,0,0,0,0,0,0,0,0,0,0,0,0,0,0,0,0,0,0,0,0,0,0,0,0,0,0,0,0,0,0,0,0,0,0,0,0,0,0,0,0,0,0,0,0,0,0,0,0,0,0,0,0,0,0,0,0,0,0,0,0,0,0,0,0,0,0,0,0,0,0,0,0,0,0,0,0,0,0,0,0,0,0,0,0,0,0,0,0,0,0,0,0,0,0,0,0,0,0,0,0,0,0,0,0,0,0,0,0,0,0,0,0,0,0,0,0,0,0,0,0,0,0,0,0,0,0,0,0,0,0,0,0,0,0,0,0,0,0,0,0,0,0,0,0,0,0,0,0,0,0,0,0,0,0,0,0,0,0,0,0,0,0,0,0,0,0,0,0,0,0,0,0,0,0,0,0,0,0,0,0,0,0
"k__Bacteria|p__Bacteroidetes|c__CFGB602",0,0,0,0,0,0,0,0,0,0,0,0,0,0,0,0,0,0,0,0,0,0,0,0,0,0,0,0,0,0,0,0,0,0,0,0,0.09606,0.02184,0.04594,0.10729,0.21269,0,0,0,0,0,0,0,0,0,0,0,0,0,0,0,0,0,0,0,0,0,0,0,0,0,0,0,0,0,0,0,0,0,0,0,0,0,0,0,0,0,0,0,0.15156,0.22117,0.14141,0.17591,0.20024,0.32104,0.13371,0.05505,0.08372,0.04819,0.0385,0,0,0,0,0.00752,0.11432,0.18234,0.29383,0.11888,0.31054,0.39293,0,0,0,0,0,0,0,0,0,0,0,0,0,0,0,0,0,0,0,0,0,0,0,0,0,0,0,0,0,0,0,0,0,0,0,0,0,0,0,0,0,0,0,0,0,0,0,0,0,0,0,0,0,0,0,0,0,0,0,0,0,0,0,0,0,0,0,0,0,0,0,0,0,0,0,0,0,0,0,0,0,0,0,0,0,0,0,0,0,0,0,0,0,0,0,0,0,0,0,0,0,0,0,0,0,0,0,0,0,0,0,0,0,0,0,0,0,0,0
"k__Bacteria|p__Bacteroidetes|c__CFGB618",0,0,0,0,0,0,0,0,0,0,0,0,0,0,0,0,0,0,0,0,0,0,0,0,0,0,0,0.00286,0.00729,0,0,0,0,0,0,0,0,0,0,0,0,0,0,0,0,0,0,0,0,0,0,0,0.00143,0,0,0,0,0,0,0,0,0,0,0,0,0,0,0,0,0,0,0,0,0,0,0,0,0,0,0,0,0,0,0,0,0,0,0,0,0,0,0,0,0.00648,0,0,0,0,0,0,0,0,0,0,0,0,0,0,0,0,0,0,0,0,0.00119,0.00701,0,0,0,0,0,0,0,0,0,0,0,0,0,0,0,0,0,0,0,0,0,0,0,0,0,0,0,0,0,0,0,0,0,0,0,0,0,0,0,0,0,0,0,0,0,0,0,0,0,0,0,0,0,0,0,0,0,0,0,0,0,0,0,0,0,0,0,0,0,0,0,0,0,0,0,0,0,0,0,0,0,0,0,0,0,0,0,0,0,0,0,0,0,0,0,0,0,0,0,0.00257,0,0,0,0,0,0,0,0,0
"k__Bacteria|p__Bacteroidetes|c__CFGB637",0,0,0,0,0,0,0,0,0,0,0,0,0,0,0,0,0,0.19569,0.28004,0.3353,0.1078,0.03456,0.03003,0,0,0,0,0,0,0,0,0,0,0,0,0,0,0,0,0,0,0,0,0,0,0,0,0,0,0,0,0,0,0,0,0,0,0,0,0,0,0,0,0,0,0,0,0,0,0,0,0,0,0,0,0,0,0,0,0,0,0,0,0,0,0,0,0,0,0,0,0,0,0,0,0,0,0,0,0,0,0,0,0,0,0,0,0,0,0,0,0,0,0,0,0,0,0,0,0,0,0,0,0,0,0,0,0,0,0,0,0,0,0,0,0,0,0,0,0,0,0,0,0,0,0,0,0,0,0,0,0,0,0,0,0,0,0,0,0,0,0,0,0,0,0,0,0,0,0,0,0,0,0,0,0,0,0,0,0,0,0,0,0,0,0,0,0,0,0,0,0,0,0,0,0,0,0,0,0,0,0,0,0,0,0,0,0,0,0,0,0,0,0,0,0,0,0,0,0,0,0,0,0,0
"k__Bacteria|p__Bacteroidetes|c__Flavobacteriia",0,0,0,0,0,0,0,0,0,0,0,0,0,0,0,0,0,0,0,0,0,0,0,0,0,0,0,0,0,0,0,0,0,0,0,0,0,0,0,0,0,0,0,0,0,0,0,0,0,0,0,0,0,0,0,0,0,0,0,0,0,0,0,0,0,0,0,0,0,0,0,0,0,0,0,0,0,0,0,0,0,0,0,0,0.15055,0.13734,0.13513,0.17615,0.06989,0.24673,0,0,0,0,0,0,0,0,0,0,0,0,0,0,0,0,0,0,0,0,0,0,0,0,0,0,0,0,0,0,0,0,0,0,0,0,0,0,0,0,0,0,0,0,0,0,0,0,0,0,0,0,0,0,0,0,0,0,0,0,0,0,0,0,0,0,0,0,0,0,0,0,0,0,0,0,0,0,0,0,0,0,0,0,0,0,0.18878,0.061,0.0379,0.04872,0.0138,0.06984,0.01682,0,0,0,0,0,0,0,0,0,0,0,0,0,0,0,0,0,0,0,0,0,0,0,0,0,0,0,0,0,0,0,0,0,0,0,0,0.01213,0.01746,0.01827,0.04199,0.00727,0.00314
"k__Bacteria|p__Candidatus_Melainabacteria|c__Candidatus_Melainabacteria_unclassified",0,0,0,0,0,0,0,0,0,0,0,0,0,0,0,0,0.00341,0,0,0,0,0,0,0,0,0,0,0,0.07034,0,0,0,0,0,0,0,0.07385,0.00226,0.06235,0.06822,0.00015,0,0,0,0,0,0,0,0,0,0,0,0,0,0,0,0,0,0,0,0,3.44658,2.24566,0.35229,0,0.12569,0.40214,0,0,0,0.03492,0,0,0,0,0,0.06688,0.03733,0.65154,0.56175,0.44692,0.14,0.01158,0.00365,0.03351,0.03574,0.06559,0.04526,0.05331,0.33076,0,0,0,0,0,0,0,0,0,0,0,0,0,0,0,0,0,0,0,0,0,0,0,0,0,0,0,0,0,0,0,0,0,0,0,0,0,0,0,0,0,0,0,0,0,0,0,0,0,0,0,0.07498,0,0,0.00575,0,0,0,0,0,0,0,0.01682,0.2615,0.12153,0,0,0,0,0,0,0,0,0,0,0,0,0,0,0,0,0,0,0,0,0,0.1322,0.02826,0.00309,0,0.08,0.10881,0.00057,0,0,0,0,0,0,0,0,0,0,0,0,0,0,0,0,0,0,0,0,0.03377,0,0.00984,0,0,0,0,0,0,0,0,0,0,0,0,0,1.14676,2.03388,0.63518,0.91703,0.43145,1.14032
"k__Bacteria|p__Candidatus_Saccharibacteria|c__Candidatus_Nanosyncoccalia",0,0,0,0,0,0,0,0,0,0,0,0,0,0,0,0,0,0,0,0,0,0,0,0,0,0,0,0,0,0,0,0,0,0,0,0,0,0,0,0,0,0,0,0,0,0,0,0,0,0,0,0,0,0,0,0,0,0,0,0,0,0,0,0,0,0,0,0,0,0,0,0,0,0,0,0,0,0,0,0,0,0.00146,0,0,0,0,0,0,0,0,0,0,0,0,0,0,0,0,0,0,0,0,0,0,0,0,0,0,0,0,0,0,0,0,0,0,0,0,0,0.0022,0,0,0,0,0,0,0,0,0,0,0,0,0,0,0,0,0,0,0,0,0,0,0,0,0,0,0,0,0,0,0,0,0,0,0,0,0,0,0,0,0,0,0,0,0,0,0,0,0,0.00059,0,0,0,0,0,0.00139,0,0,0,0,0,0,0,0,0,0,0,0,0,0,0,0,0,0,0,0.00099,0.00034,0,0,0,0,0,0,0,0,0,0,0,0,0,0,0,0,0,0,0,0,0,0,0,0,0,0,0,0
"k__Bacteria|p__Candidatus_Saccharibacteria|c__Candidatus_Saccharibacteria_unclassified",0,0,0,0,0,0,0,0.00116,0.00952,0.01353,0.01249,0.00031,0,0,0,0,0,0.00164,0.00269,0.00366,0.0035,0.00147,0,0.00864,0.00567,0.00727,0.00152,0,0,0,0,0,0,0,0.0132,0.44332,0,0,0,0,0,0,0,0,0,0,0,0,0,0,0,0,0,0,0,0,0,0,0.00323,0,0,0,0,0,0.05633,0,0,0,0,0,0,0.00562,0.00903,0.00451,0.04513,0.01004,0,0.00278,0.00562,0,0,0,0,0,0,0,0,0,0,0,0,0,0,0,0,0,0,0,0,0,0,0,0,0,0,0,0,0,0,0.00104,0,0.00467,0.00421,0,0.00458,0.00487,0.00084,0.00972,0.02026,0.05083,0,0,0,0,0,0,0.00328,0,0,0,0,0,0,0,0.03092,0,0,0,0.01197,8e-04,0.00558,0,0,0,0,0,0.00139,0.00331,0.00747,0.0024,0.00144,0.00107,0,0,0,0,0,0,0,0,0,0,0,0,0.00167,0.00022,0.03669,0.00598,0.01113,0.01746,0.01626,0.02357,0.03178,0.00265,0.00519,0.02052,0,0,0,0,0,0,0,0,0,0,0,0,0,0,0,0,0,0,0,0,0,0,0,0,0,0,0,0,0.00034,0,4e-05,0.00038,0.00574,0,0,0,0,0,0,0,0,0,0,0.00238,0,0,0.00063,0,0
"k__Bacteria|p__Candidatus_Saccharibacteria|c__Candidatus_Saccharimonia",0,0,0,0,0,0,0,0,0,0,0,0,0,0,0,0,0,0,0,0,0,0,0,0,0,0,0,0,0,0,0,0,0,0,4e-05,0.00664,0,0,0,0,0,0,0,0,0,0,0,0,0,0,0,0,0,0,0,0,0.00152,0.003,0.00625,0.00152,0.00904,0,0,0,0,0,0,0,0,0,0,0,0,0,0.00019,0,0,0,0,0,0,0,0,0,0,0,0,0,0,0,0,0,0,0,0,0,0,0,0,0,0,0,0,0,0,0,0,0,0,0,0,0,0,0,0,0,0,0,0,0,0,0,0,0,0,0,0,0,0,0,0,0,0,0,0,0,0,0,0,0,0,0,0,0,0,0,0,0,0,0,0,0,0,0,0,0,0,0,0,0,0,0,0,0,0,0,0,0,0,0,0,0,0,0,0,0,0,0,0,0,0,0,0,0,0,0,0,0,0,0,0,0,0,0,0,0,0,0,0,0,0,0,0,0,0,0,0,0,0,0,0,0,0,0,0,0,0,0,0,0,0,0,0,0,0
"k__Bacteria|p__Firmicutes|c__Bacilli",0.19075,0.23578,3.1614,1.12038,0.31148,6.4768,9.21933,3.26424,6.58158,4.03333,2.95789,0.09402,2.93459,0.37726,0.88869,3.42891,0.8724,0.30554,0.29018,0.22145,0.20849,2.89654,3.43692,0.15962,0.60594,0.10333,0.03537,0.32603,0.43589,0.23338,0.3528,0,0.26395,0.84122,47.75327,38.6354,0.23846,0.33586,0.67523,0.60301,0.13664,9.52462,4.55819,5.72566,2.53398,7.3418,10.65594,17.30109,1.67821,3.28295,0,6.3757,2.72568,2.25034,3.31897,7.19407,10.58184,53.78321,37.295,69.83251,15.37518,0.00572,0.74689,0.91923,0.96382,0.60745,0.02364,0.24568,0.15557,0.87938,0.15137,0.33209,0.3623,0.37209,12.29731,1.67082,0.21468,1.18964,1.35139,1.96228,1.63644,2.66355,3.71136,2.53389,3.04702,4.20221,4.67531,0.9635,0.0572,3.02411,3.92776,6.00539,2.63066,6.80343,6.57158,1.10795,0.12025,0.24306,0.93161,1.37042,0.27719,0.27671,0.09456,0.09629,0.03609,0.04964,0.3689,1.43161,0.3549,1.3113,1.89722,3.75409,5.11551,0.47209,0.59759,0.98576,0.06081,0.59559,1.31141,0.48607,0.36569,0.26285,0.41673,0.96307,0.92745,0.45804,0.28889,3.192,1.38492,0.33833,0.16326,0.10583,0.36811,0.08185,50.41088,0.98808,0.86034,0.15461,5.23228,2.32195,1.52712,0.46592,1.09873,2.63015,2.61177,0.26647,0.45084,0.10314,0.07443,0.09199,0.40551,0.13515,1.70632,0.08428,0.41898,0.29768,0.31608,0.01886,0.29771,1.17464,3.58184,2.08628,7.18498,6.83855,2.54084,0.92271,0.75936,0.31735,0.16079,0.24693,0.75492,1.17397,4.73803,7.21318,0.87722,3.8975,3.61032,3.66265,4.75854,5.94716,4.64573,4.49356,5.11935,0.51141,0.36447,1.44013,0.69196,1.32443,0.26947,0.70282,5.42434,2.67233,1.41581,11.30271,3.55895,4.68653,2.384,0.14832,0.25745,0.0306,0.552,0.0878,0.09033,0.09106,1.48484,4.32255,0.64243,2.18519,3.25842,0.16599,0.31684,0.65755,10.03121,6.24851,0.82585,2.70099,0.38921,0.19934,21.77462,0.36492,0.4913,0.61636,0.25235,0.75471,2.25172
"k__Bacteria|p__Firmicutes|c__CFGB10719",0,0,0,0,0,0,0,0,0,0,0,0,0,0,0,0,0,0,0,0,0,0,0,0,0,0,0,0,0,0.30261,0.00053,0,0.00079,0.10064,0,0,0,0,0,0,0,0,0,0,0,0,0,0,0,0,0,0,0,0,0,0,0,0,0,0,0,0.08128,0.02798,0.04664,0,0,0,0,0,0,0,0,0,0,0,0,0.50377,2.83414,0.13802,0.34169,0.48832,0.33522,0,0,0,0,0,0,0,0,0,0,0,0,0,0,0,0,0,0,0,0,0,0,0,0,0,0,0,0,0,0,0,0,0,0,0,0,0,0,0,0,0,0,0,0,0,0,0,0,0,0,0,0,0,0.0097,0,0.00663,0.02139,0.0121,0.02247,0,0,0,0,0,0,0,0,0,0,0,0.01774,0.01302,0.03426,0.0272,0.07827,0.09897,0,0,0,0,0,0,0,0,0,0,0,0,0,0,0,0,0,0,0,0,0,0,0,0,0,0,0,0,0,0,0,0,0,0,0,0,0,0,0,0,0,0,0,0,0,0,0,0,0,0,0,0,0,0,0,0,0,0,0,0,0,0,0,0,0,0,0
"k__Bacteria|p__Firmicutes|c__CFGB11371",0,0,0,0,0,0,0,0,0,0,0,0,0,0,0,0,0,0,0,0,0,0,0,0,0,0,0,0,0,0,0,0,0,0,0,0,0,0,0,0,0,0.04295,0,0,0,0,0,0,0,0,0,0,0,0,0,0,0,0.0357,0.00558,0,1.07637,0,0,0,0,0,0,0,0,0,0,0,0,0,0,0,0,0,0,0,0,0,0.00056,0,0,0,0,0,0,0,0,0,0,0,0,0,0,0,0,0,0,0,0,0,0,0,0,0,0,0,0,0,0,0,0,0.00517,0,0.00541,0,0,0,0,0,0,0,0,0,0,0,0,0,0,0,0,0.00062,0,0,0,0,0,0,0,0,0,0,0,0,0,0,0,0,0,0,0,0,0,0,0,0,0,0,0,0.00119,0,0,0,0,0,0,0,0,0,0,0,0,0,0,0,0,0,0,0,0,0,0,0,0,0,0,0,0,0,0,0,0,0,0,0,0,0,0,0,0,0,0,0,0,0,0,0,0,0,0,0,0,0,0,0,0,0,0,0,0,0,0
"k__Bacteria|p__Firmicutes|c__CFGB11478",0,0,0,0,0,0,0,0,0,0,0,0,0,0,0,0,0,0,0,0,0,0,0,0,0,0,0,0,0,0,0,0,0,0,0,0,0,0,0,0,0,0,0,0,0,0,0,0,0,0,0,0,0,0,0,0,0,0,0,0,0,0,0,0,0,0,0,0,0,0,0,0.00229,0.00093,0.00108,0,0.00293,0,0,0,0,0,0,0,0,0,0,0,0,0,0,0,0,0,0,0,0,0,0,0,0,0,0,0,0,0,0,0,0,0,0,0,0,0,0,0,0,0,0,0,0,0,0,0,0,0,0,0,0,0,0,0,0,0,0,0,0,0,0,0,0,0,0,0,0,0,0,0,0,0,0,0,0,0,0,0,0,0,0,0,0,0,0,0,0,0,0,0,0,0,0,0,0,0,0,0,0,0,0,0,0,0,0,0,0,0,0,0,0,0,0,0,0,0,0,0,0,0,0,0.00072,0,0.00013,0,0,0,0,0,0,0,0,0,0,0,0,0,0,0,0,0,0,0,0,0,0,0,0
"k__Bacteria|p__Firmicutes|c__CFGB11737",0,0,0,0,0,0,0,0,0,0,0,0,0,0,0,0,0,0,0,0,0,0,0,0,0,0,0,0,0,0,0,0,0,0,0,0,0,0,0,0,0,0,0,0,0,0,0,0,0,0,0,0,0,0,0,0,0,0,0,0,0,0,0,0,0,0,0,0,0,0,0,0,0,0,0,0,0,0,0,0,0,0,0,0,0,0,0,0,0,0,0,0,0,0,0,0,0,0,0,0,0.00336,0.01099,0.01284,0.01298,0.01485,0.01024,0,0,0,0,0,0,0,0,0,0,0,0,0,0,0,0,0,0,0,0,0,0,0,0,0,0,0,0,0,0,0,0,0,0,0,0,0,0,0,0,0,0,0,0,0,0,0,0,0,0,0,0,0,0,0,0,0,0,0,0,0,0,0,0,0,0,0,0,0,0,0,0,0,0,0,0,0,0,0,0,0,0,0,0,0,0,0,0,0,0,0,0,0,0,0,0,0,0,0,0,0,0,0,0,0,0,0,0,0,0,0,0,0,0,0,0,0,0,0
"k__Bacteria|p__Firmicutes|c__CFGB1217",0,0,0,0,0,0,0,0,0,0,0,0,0,0,0,0,0,0.03975,0.01329,0.01813,0.02679,0.02158,0.02826,0,0,0,0,0,0.01386,0,0,0,0,0,0,0,0.07231,0.06253,0.04104,0.10373,0.04478,0,0,0,0,0,0,0,0,0,0,0,0,0,0,0,0,0,0,0,0,0,0,0,0,0,0,0,0,0,0,0,0,0,0,0,0.03526,0.03383,0.04839,0.02147,0.02141,0.03476,0,0,0,0,0,0,0,0,0.00992,0.02912,0,0.02063,0.01007,0,0,0,0,0,0,0,0,0,0,0,0,0,0,0,0,0,0,0,0,0,0,0,0,0,0,0,0,0,0,0,0,0,0,0,0,0,0,0,0,0,0,0,0.0075,0.02179,0.00865,0,0,0,0,0.03055,0,0.02629,0.00409,0.03199,0,0.00641,0,0,0,0,0,0,0,0.01208,0.0016,0.00989,0.0012,0.01117,0.04584,0.05243,0.04127,0.02071,0.00944,0.02753,0,0,0,0,0,0,0,0,0,0,0,0,0,0,0,0,0,0,0,0,0,0,0,0,0,0,0,0,0,0,0,0,0,0,0,0,0,0,0,0,0,0,0,0,0,0,0,0,0,0.02275,0.02487,0.02262,0.01727,0.031,0.02763
"k__Bacteria|p__Firmicutes|c__CFGB1218",0,0,0,0,0,0,0,0,0,0,0,0,0,0,0,0,0,0,0,0,0,0,0,0,0,0,0,0,0,0,0,0,0,0,0,0,0,0,0,0,0,0,0,0,0,0,0,0,0,0,0,0,0,0,0,0,0,0,0,0,0,0,0,0,0,0,0,0,0,0,0,0,0,0,0,0,0,0,0,0,0,0,0,0,0,0,0,0,0,0,0,0,0,0,0,0,0,0,0,0.02876,0.01803,0.03913,0.02387,0.02517,0.04181,0.01296,0,0,0,0,0,0,0,0,0,0,0,0,0,0,0,0,0,0,0,0,0,0,0,0,0,0,0,0,0,0,0,0,0,0,0,0,0,0,0,0,0,0,0,0,0,0,0,0,0,0,0,0,0,0,0,0,0,0,0,0,0,0,0,0,0,0,0,0,0,0,0,0,0,0,0,0,0,0,0,0,0,0,0,0,0,0,0,0,0,0,0,0,0,0,0,0,0,0,0,0,0,0,0,0,0,0,0,0,0,0,0,0,0,0,0,0,0,0,0
"k__Bacteria|p__Firmicutes|c__CFGB12277",0,0,0,0,0,0,0,0,0,0,0,0,0,0,0,0,0,0,0,0,0,0,0,0,0,0,0,0,0,0,0,0,0,0,0,0,0.03862,0.10908,0.03864,0.05385,0.04599,0,0,0,0,0,0,0,0,0,0,0,0,0,0,0,0,0,0,0,0,0,0,0,0,0,0,0,0,0,0,0,0,0,0,0,0,0,0,0,0,0,0,0,0,0,0,0,0,0,0,0,0,0,0,0,0,0,0,0.00207,0.0028,0.00379,0.00597,0.00231,0.00334,0.00062,0,0,0,0,0,0,0,0,0,0,0,0,0,0,0,0,0,0,0,0,0,0,0,0,0,0,0,0,0,0,0,0,0,0,0,0,0,0,0,0.02794,0.00818,0.04769,0.02633,0.05975,0,0.00422,0,0,0,0,0,0,0,0,0,0,0,0,0,0,0,0,0,0,0,0,0,0,0,0,0,0,0,0,0,0,0,0,0,0,0,0,0,0,0,0,0,0,0,0,0,0,0,0,0,0,0,0,0,0,0,0,0,0,0,0,0,0,0,0,0,0,0,0,0,0,0,0,0
"k__Bacteria|p__Firmicutes|c__CFGB12541",0,0,0,0,0,0,0,0,0,0,0,0,0,0,0,0,0,0,0,0,0,0,0,0,0,0,0,0,0,0,0,0,0,0,0,0,0,0,0,0,0,0,0,0,0,0,0,0,0,0,0,0,0,0,0,0,0,0,0,0,0,0,0,0,0,0,0,0,0,0,0,0,0,0,0,0,0,0,0,0,0,0,0,0,0.00112,0.00091,0.00163,0.0015,0,0.00162,0,0,0,0,0,0,0,0,0,0,0,0,0,0,0,0,0,0,0,0,0,0,0,0,0,0,0,0,0,0,0,0,0,0,0,0,0,0,0,0,0,0,0,0,0,0,0,0,0,0,0,0,0,0,0,0,0,0,0,0,0,0,0,0,0,0,0,0,0,0,0,0,0,0,0,0,0,0,0,0,0,0,0,0,0,0,0,0,0,0,0,0,0,0,0,0,0,0,0,0,0,0,0,0,0,0,0,0,0,0,0,0,0,0,0,0,0,0,0,0,0,0,0,0,0,0,0,0,0,0,0,0,0,0,0
"k__Bacteria|p__Firmicutes|c__CFGB12952",0,0,0,0,0,0,0,0,0,0,0,0,0,0,0,0,0,0,0,0,0,0,0,0,0,0,0,0,0,0,0,0,0,0,0,0,0,0,0,0,0,0,0.01224,0.0336,0.00585,0.01846,0.00461,0.00193,0,0.13139,0,0.13992,0.18159,0.08496,0.0807,0,0,0,0,0,0,0,0,0,0,0,0,0,0,0,0,0,0,0,0,0,0,0,0,0,0,0,0,0,0,0,0,0,0,0,0,0,0,0,0,0,0,0,0,0,0,0,0,0,0,0,0,0,0,0,0,0,0,0,0,0,0.00225,0,0,0,0,0,0,0,0,0,0,0,0,0,0,0,0,0,0,0,0,0,0,0,0,0,0,0,0,0,0,0,0,0,0,0,0,0,0,0,0,0,0,0,0,0,0,0,0,0,0,0,0,0,0,0,0,0,0,0,0,0,0,0,0,0,0,0,0,0,0,0,0,0,0,0,0,0,0,0,0,0.2183,0.03414,0.00923,0.0256,0.01194,0,0,0,0,0,0,0,0,0,0,0,0,2.83121,1.89093,1.37088,0.0796,0,0,0,0,0,0,0
"k__Bacteria|p__Firmicutes|c__CFGB1298",0,0,0,0,0,0,0,0,0,0,0,0,0,0,0,0,0,0,0,0,0,0,0,0,0,0,0,0,0,0,0,0,0,0,0,0,0.09871,0.06611,0.09692,0.08924,0.08003,0,0,0,0,0,0,0,0,0,0,0,0,0,0,0,0,0,0,0,0,0,0,0,0,0,0,0,0,0,0,0,0,0,0,0,0,0,0,0,0,0,5e-05,0.01026,0,0,0,0,0,0,0,0,0,0,0,0,0,0,0,0.02152,0.0457,0.03439,0.00337,0.05898,0.05475,0.05035,0,0,0,0,0,0,0,0,0,0,0,0,0,0,0,0,0,0,0,0,0,0,0,0,0,0,0,0,0,0,0,0,0,0,0,0,0,0,0,0,0,0,0,0,0,0,0,0,0,0,0,0,0,0,0,0,0,0,0.03276,0.03486,0.04685,0.02354,0.01229,0,0,0,0,0,0,0,0,0,0,0,0,0,0,0,0,0,0,0,0,0,0,0,0,0,0,0,0,0,0,0,0,0,0,0,0,0,0,0,0,0,0,0,0,0,0,0,0,0,0,0,0,0,0,0,0
"k__Bacteria|p__Firmicutes|c__CFGB1340",6.66167,3.63393,3.71551,4.99042,4.32337,0,0,0,0,0,0,0,0,0,0,2.34524,7.59367,0,0,0,0,0,0,0,0,0,0,0,0,0.45827,0.01091,0,0.04067,0.10721,0,0,0,0,0,0,0,0,0,0,0,0,0,0,0,0,0,0,0,0,0,0,0,0,0.03131,0,0.02148,0,0,0,0,0,0,0,0,0,0,0,0,0,0,0,0,0,0,0,0,0,0,0,0,0,0,0,0,0,0,0,0,0,2.56238,0,0,0,0,1.77804,2.06605,2.78255,3.18023,0.43648,0.80453,1.03405,0,0,0,0,0,0,0,0,0,0,0,0,0,0,0,0,0,0,0,0,0,0,0,0,0,0,0.17631,3.95691,0,0,0,0,0,0,0,0,0,0,0,0,0,0,0,0,0,0,0,0,0,0,0,0,0,0,0,0,0,0,0,0,0,0,0,0,0,0,0,0,0,0,0,0,0,0,0,0,0,0,0,0,0,0,0,0,0,0,0,0,0,0,0,0,0,0,0,0,0,0,0,0,0,0,0,0,0,0,0,0,0,0,0,0,0,0,0,0,0,0,0.19312
"k__Bacteria|p__Firmicutes|c__CFGB1424",0,0,0,0,0,0,0,0,0,0,0,0,0,0,0,0,0,0.60749,0.25084,0.39818,0.2754,0.05403,0.16471,0,0,0,0,0,0,0,0,0,0,0,0,0,0,0,0,0,0,0,0,0,0,0,0,0,0,0,0,0,0,0,0,0,0,0,0,0,0,0,0,0,0,0,0,0,0,0,0,0,0,0,0,0,0,0,0,0,0,0,0,0,0,0,0,0,0,0,0,0,0,0,0,0,0,0,0,0,0,0,0,0,0,0,0,0,0,0,0,0,0,0,0,0,0,0,0,0,0,0,0,0,0,0,0,0,0,0,0,0,0,0,0,0,0,0,0,0,0,0.21035,0.00648,0,0,0,0,0,0,0,0,0,0,0,0,0,0,0,0,0,0,0,0,0,0,0,0,0,0,0,0,0,0,0,0,0,0,0,0,0,0,0,0,0,0,0,0,0,0,0,0,0,0,0,0,0,0,0,0,0,0,0,0,0,0,0,0,0,0,0,0,0,0,0,0,0,0,0,0,0,0,0,0,0,0.53799
"k__Bacteria|p__Firmicutes|c__CFGB14246",0,0,0,0,0,0,0,0,0,0,0,0,0,0,0,0,0,0,0,0,0,0,0,0,0,0,0,0,0,0,0,0,0,0,0,0,0,0,0,0,0,0,0,0,0,0,0,0,0,0,0,0,0,0,0,0,0,0,0,0,0,0,0,0,0,0,0,0,0,0,0,0,0,0,0,0,0,0,0,0,0,0,0,0,0,0.00028,0.00221,0,0,0,0,0,0,0,0,0.15591,0.05112,0.05083,0.21798,0,0,0,0,0,0,0,0,0,0,0,0,0,0,0,0,0,0,0,0,0,0,0,0,0,0,0,0,0,0,0,0,0,0,0,0,0,0,0,0,0,0,0,0,0,0,0,0,0,0,0,0,0,0,0,0,0,0,0,0,0.24542,0.01897,0.0074,0.01239,0,0,0,0,0,0,0,0,0,0,0,0,0,0,0,0,0,0,0,0,0,0,0,0,0,0,0,0,0,0,0,0,0,0,0,0,0,0,0,0,0,0,0,0,0,0,0,0,0,0,0,0,0,0,0,0,0,0,0,0,0,0
"k__Bacteria|p__Firmicutes|c__CFGB1425",0,0,0,0,0,0,0,0,0,0,0,0,0,0,0,0,0,0,0,0,0,0,0,0,0,0,0,0,0,0,0,0,0,0,0,0,0,0,0,0,0,0,0,0,0,0,0,0,0,0,0,0,0,0,0,0,0,0,0,0,0,0,0,0,0,0,0,0,0,0,0,0,0,0,0,0,0,0,0,0,0,0,0,0,0,0,0,0,0,0,0,0,0,0,0,0,0,0,0,0,0,0,0,0,0,0,0,0,0,0,0,0,0,0,0,0,0,0,0,0,0,0,0,0,0,0,0,0,0,0,0,0,0,0,0,0,0,0,0,0,0,0,0,0,0,0,0,0,0,0,0,0,0,0,0,0,0,0,0,0,0,0,0,0,0,0,0,0,0,0,0,0,0,0,0,0,0,0,0,0,0,0,0,0.02336,0.01555,0.01158,0.03879,0,0.01665,0,0,0,0,0,0,0,0,0,0,0,0,0,0,0,0,0,0,0,0,0,0,0,0,0,0,0,0,0,0,0.04338,0.03958,0.01919,0.0438,0.05122,0
"k__Bacteria|p__Firmicutes|c__CFGB1434",0,0,0,0,0,0,0,0,0,0,0,0,0,0,0,0,0,0.06125,0.04864,0.07949,0.09107,0.1591,0.10326,0.04692,0.03034,0.0279,0.01892,0.02134,0.01424,0.00264,0,0,0,0,0,0,0,0,0,0,0,0,0,0,0,0,0,0,0,0,0,0,0,0,0,0,0,0,0,0,0,0,0,0,0,0,0,0,0,0,0,0.00929,0.00183,0,0,0.00745,0,0.00015,0.00332,0.01098,0,0.00321,0,0,0.00473,0.01892,0.03088,0.01711,0,0.0148,0,0,0,0,0,0,0,0,0,0,0.00063,0.00069,0.0032,0.00427,0.00022,0,0,0,0,0,0,0.18841,0.09488,0.15816,0.10051,0.08921,0.45569,0,0,0,0,0,0,0,0,0,0,0.03351,0.01866,0.03204,0.05239,0.0991,0.0949,0.14408,0,0,0,0,0,0,0,0,0,0.00103,0.0091,0,0,0.01575,0,0.06574,0,0,0,0,0,0,0,0,0,0,0,0,0.00239,0,0,0,0,0,0,0,0,0,0,0,0,0,0.01518,0.01417,0.0097,0.0135,0.01065,0.06127,0.00239,0,0,0,0,0,0,0,0,0,0,0,0,0,0,0,0,0,0,0,0,0,0,0,0,0,0,0,0,0,0,0,0.04096,0.06401,0.00529,0.35744,0,0,0,0,0,0,0
"k__Bacteria|p__Firmicutes|c__CFGB1456",0,0,0,0,0,0,0,0,0,0,0,0,0,0,0,0,0,0,0,0,0,0,0,0,0,0,0,0,0,0,0,0,0,0,0,0,0,0,0,0,0,0,0,0,0,0,0,0,0,0.88347,0,0,0,0,0.09599,0,0,0,0,0,0,0,0,0,0,0,0,0,0,0,0,0,0,0,0,0,0,0,0,0,0,0,0,0,0,0,0,0,0,0,0,0,0,0,0,0,0,0,0,0,0,0,0,0,0,0,0,0,0,0,0,0,0,0,0,0,0,0,0,0,0,0,0,0,0,0,0,0,0,0,0,0,0,0,0,0,0,0,0,0,0,0,0,0,0,0,0,0,0,0,0,0,0,0,0,0,0,0,0,0,0,0,0,0,0,0,0,0,0,0,0,0,0,0,0,0,0,0,0,0,0,0,0,0,0,0,0,0,0,0,0,0,0,0,0,0,0,0,0,0,0,0,0,0,0,0,0,0,0,0,0,0,0,0,0,0,0,0,0,0,0,0,0,0,0.0081
"k__Bacteria|p__Firmicutes|c__CFGB1538",0,0,0,0,0,0,0,0,0,0,0,0,0,0,0,0,0,0,0,0,0,0,0,0,0,0,0,0,0,0,0,0,0,0,0,0,0,0,0,0,0,0,0,0,0,0,0,0,0,0,0,0,0,0,0,0,0,0,0,0,0,0,0,0,0,0,0,0,0,0,0,0,0,0,0,0,0,8e-05,0,0,0,0,0,0,0,8e-04,0.00113,0.0015,0,0,0,0,0,0,0,0,0,0,0,0,0,0,0,0,0,0,0,0,0,0,0,0,0,0,0,0,0,0,0,0,0,0,0,0,0,0,0,0,0,0,0,0,0,0,0,0,0,0,0,0,0,0,0.01758,0.00027,0.00476,0,0,0,0,0,0,0,0,0,0,0,0,0,0,0.07846,0.05398,0.02807,0.0131,0,0,0,0,0,0,0,0,0,0,0,0,0,0,0,0,0,0,0,0,0,0,0,0,0,0,0,0,0,0,0,0,0,0,0,0,0,0,0,0,0,0,0,0,0,0,0,0,0,0,0,0,0,0,0,0,0,0,0,0,0,0
"k__Bacteria|p__Firmicutes|c__CFGB16911",0,0,0,0,0,0,0,0,0,0,0,0,0,0,0,0,0,0,0,0,0,0,0,0,0,0,0,0,0,0,0,0,0,0,0,0,0,0,0,0,0,0,0,0,0,0,0,0,0,0,0,0,0,0,0,0,0,0,0,0,0,0,0,0,0,0,0,0,0,0,0,0,0,0,0,0,0,0,0,0,0,0,0,0,0.0178,0.02092,0.0288,0.01448,0.02078,0.01957,0,0,0,0,0,0,0,0,0,0.00035,0.00611,0.02132,0.01367,0.02039,0.02224,0.0181,0,0,0,0,0,0,0,0,0,0,0,0,0,0,0,0,0,0,0,0,0,0,0,0,0,0,0,0,0,0,0,0,0,0,0,0,0,0,0,0,0,0.00148,0,0.00066,0,0,0,0,0,0,0,0,0,0,0,0,0,0,0,0,0,0,0,0,0,0,0,0,0,0,0,0,0,0,0,0,0,0,0,0,0,0,0,0,0,0,0,0,0,0,0,0,0,0,0,0,0,0,0,0,0,0,0,0,0,0,0,0,0,0,0,0,0,0,0,0,0,0,0
"k__Bacteria|p__Firmicutes|c__CFGB1798",0,0,0,0,0,0,0,0,0,0,0,0,0,0,0,0,0,0,0,0,0,0,0,0,0,0,0,0,0.00979,0,0,0,0,0,0,0,0,0,0,0,0,0,0,0,0,0,0,0,0,0,0,0,0,0,0,0,0,0,0,0,0,0,0,0,0,0,0,0,0,0,0,0,0,0,0,0,0,0,0,0,0,0,0,0,0,0,0,0,0,0,0,0,0,0,0,0,0,0,0,0,0.01054,0.00976,0.16336,0.05985,0.1857,0.02051,0,0,0,0,0,0,0,0,0,0,0,0,0,0,0,0,0,0,0,0,0,0,0,0,0,0,0,0,0,0,0,0,0,0,0,0,0,0,0,0,0,0,0,0,0,0,0,0,0,0,0,0,0,0,0,0,0,0,0,0,0,0,0,0,0,0,0,0,0,0,0,0,0,0,0,0,0,0,0,0,0,0,0,0,0,0,0,0,0,0,0,0,0,0,0,0,0,0,0,0,0,0,0,0,0,0,0,0,0,0,0,0,0,0,0,0,0,0,0
"k__Bacteria|p__Firmicutes|c__CFGB1872",0,0,0,0,0,0,0,0,0,0,0,0,0,0,0,0,0,0,0,0,0,0,0,0,0,0,0,0,0,0,0,0,0,0,0,0,0,0,0,0,0,0.00403,0,0,0,0,0,0,0,0,0,0,0,0,0,0,0,0,0,0,0,0,0,0,0,0,0,0,0,0,0,0,0,0,0,0,0,0,0,0,0.00042,0.00163,0,0,0,0,0,0,0,0,0,0,0,0,0,0,0,0,0,0,0,0,0,0,0,0,0,0,0,0,0,0,0,0,0,0,0,0,0,0,0,0,0,0,0,0,0,0,0,0,0,0,0,0,0,0,0,0,0,0,0,0,0,0,0,0,0,0,0,0,0,0,0,0,0,0,0,0,0,0,0,0,0,0,0,0,0,0,0,0,0,0,0,0,0,0,0,0,0,0,0,0,0,0,0,0,0,0,0,0,0,0,0,0,0,0,0,0,0,0,0,0,0,0,0,0,0,0,0,0,0,0,0,0,0,0,0,0,0,0,0,0,0,0,0
"k__Bacteria|p__Firmicutes|c__CFGB20164",0,0,0,0,0,0,0,0,0,0,0,0,0,0,0,0,0,0,0,0,0,0,0,0,0,0,0,0,0,0,0,0,0,0,0,0,0,0,0,0,0,0,0,0,0,0,0,0,0,0,0,0,0,0,0,0,0,0,0,0,0,0,0,0,0,0,0,0,0,0,0,0,0,0,0,0,0,0,0,0,0,0,0,0,0,0,0,0,0,0,0,0,0,0,0,0,0,0,0,0,0,0,0,0,0,0,0,0,0,0,0,0,0,0,0,0,0,0,0,0,0,0,0,0,0,0,0,0,0,0,0,0,0,0,0,0,0,0,0,0,0,0,0,0,0,0,0,0,0,0,0,0,0,0,0,0,0,0,0,0.00355,0.00926,0,0.03269,0.0345,0,0,0,0,0,0,0,0,0,0,0,0,0,0,0,0,0,0,0,0,0,0,0,0,0,0,0,0,0,0,0,0,0,0,0,0,0,0,0,0,0,0,0,0,0,0,0,0,0,0,0,0,0,0,0,0,0,0,0,0,0
"k__Bacteria|p__Firmicutes|c__CFGB24517",0,0,0,0,0,0,0,0,0,0,0,0,0,0,0,0,0,0,0,0,0,0,0,0,0,0,0,0,0,0,0,0,0,0,0,0,0,0,0,0,0,0,0,0,0,0,0,0,0,0,0,0,0,0,0,0,0,0,0,0,0,0,0,0,0,0,0,0,0,0,0,0,0,0,0,0,0,0,0,0,0,0,0,0,0.00469,0.00279,0.00186,0.00059,5e-05,0.00143,0,0,0,0,0,0,0,0,0,0,0.00117,0.00151,0,0,0,0,0,0,0,0,0,0,0,0,0,0,0,0,0,0,0,0,0,0,0,0,0,0,0,0,0,0,0,0,0,0,0,0,0,0,0,0,0,0,0,0,0,0,0,0.00039,0,0,0,0,0,0,0,0,0,0,0,0,0,0,0.01185,0.00786,0,0.00481,0.00988,0.00118,0,0,0,0,0,0,0.0498,0.04681,0.02292,0.00041,0.00848,0.00479,0.00619,0,0,0,0,0,0,0,0,0,0,0,0,0,0,0,0,0,0,0,0,0,0,0,0,0,0,0,0,0,0,0,0,0,0,0,0,0,0,0,0,0,0
"k__Bacteria|p__Firmicutes|c__CFGB25373",0,0,0,0,0,0,0,0,0,0,0,0,0,0,0,0,0,0,0,0,0,0,0,0,0,0,0,0,0,0,0,0,0,0,0,0,0,0,0,0,0,0,0,0,0,0,0,0,0,0,0,0,0,0,0,0,0,0,0,0,0,0,0,0,0,0,0,0,0,0,0,0,0,0,0,0,0,0,0,0,0,0,0,0,0,0,0,0,0,0,0,0,0,0,0,0,0,0,0,0,0,0,0,0,0,0,0,0,0,0,0,0,0,0,0,0,0,0,0,0,0,0,0,0,0,0,0,0,0,0,0,0,0,0,0,0,0,0,0,0,0,0,0,0,0,0,0,0,0,0,0,0,0,0,0,0,0,0,0,0,0,0,0,0,0,0,0,0,0,0,0,0,0,0,0,0,0,0,0,0,0,0,0,0,0,0,0,0,0,0,0,0,0,0,0,0,0,0,0.04472,0.39579,0.03599,0.0205,0,0,0,0,0,0,0,0,0,0,0,0,0,0,0,0,0,0,0,0,0,0,0
"k__Bacteria|p__Firmicutes|c__CFGB2882",0,0,0,0,0,0,0,0,0,0,0,0,0,0,0,0,0,0,0,0,0,0,0,0,0,0,0,0,0,0,0,0,0,0,0,0,0,0,0,0,0,0,0,0,0,0,0,0,0.00918,0,0,0,0,0,0,0,0,0,0,0,0,0,0,0,0,0,0,0,0,0,0,0,0,0,0,0,0,0,0,0,0,0,0,0,0.01721,0.01701,0.03077,0.01884,0.02006,0.00941,0.06955,0.10931,0,0.0384,0.00895,0.06594,0.03274,0.01715,0.06442,0,0.00305,0.01049,0.01248,0.02208,0.01743,0.00943,0,0,0,0,0,0,0,0,0,0,0.05953,0,0,0,0,0,0,0,0,0,0,0,0,0,0,0,0,0,0,0,0,0,0,0,0,0,0,0,0,0,0,0,0,0,0,0,0,0,0,0,0,0,0,0.0045,0,0,0.01932,0,0.00747,0.01566,0,0.01,0.00757,0,0,0,0,0,0,0,0.00761,0.00984,0.00997,0.00138,0.00143,0.00281,0.01273,0,0,0,0,0,0,0,0,0,0,0,0,0,0,0,0,0,0,0,0,0,0,0,0,0,0,0,0,0,0,0,0,0,0,0,0,0,0,0,0,0,0
"k__Bacteria|p__Firmicutes|c__CFGB2897",0,0,0,0,0,0,0,0,0,0,0,0,0,0,0,0,0,0.00097,0.00038,0,0.0023,0.00974,0.0093,0,0,0,0,0,0,0.03597,0.20606,0,0.12876,0.24488,0,0,0,0,0,0,0,0,0,0,0,0,0,0,0,0,0,0,0,0,0,0,0,0,0,0,0,0,0,0,0,0,0,0,0,0,0,0,0,0,0,0,0,0,0,0,0,0,0,0,0,0,0,0,0,0,0,0,0,0,0,0,0,0,0,0,0,0,0,0,0,0,0,0,0,0,0,0,0,0,0,0,0,0,0,0,0,0,0,0,0,0,0,0,0,0,0,0,0,0,0,0,0,0,0,0,0,0,0,0,0,0,0,0,0,0,0,0,0,0,0,0,0,0,0,0.00077,0,0,0,0,0,0,0,0,0,0,0,0,0,0,0,0,0,0,0,0,0,0,0,0,0,0,0,0,0,0,0,0,0,0,0,0,0,0,0,0,0,0,0,0,0,0,0,0,0,0,0,0,0,0,0,0,0,0,0,0,0,0,0,0,0
"k__Bacteria|p__Firmicutes|c__CFGB2916",0,0,0,0,0,0,0.02143,0,0,0,0,0,0,0,0,0,0,0.09369,0.09221,0.10009,0.04864,0.02065,0.01655,0.00436,0.00796,0.00768,0.01146,0.00263,0.01334,0,0.01363,0,0.02601,0.00243,0,0,0.03146,0.03334,0.0199,0.05343,0.02371,0,0,0,0,0,0,0,0,0.06837,0,0.0405,0.0049,0.00538,0.04882,0,0,0,0,0,0,0.00136,0.00141,0,0,0.00039,0.00022,0,0,0,0,0,0,0,0,0,0.02937,0.08714,0.01946,0.00653,0.02515,0.00821,0.03876,0.01449,0.01736,0.02597,0.08418,0.04491,0.09209,0.05045,0,0,0,0,0,0,0,0,0,0,0,0,0,0,0,0,0.06587,0.04789,0.00843,0,0.00372,0,0,0,0,0,0,0,0,0,0,0,0,0,0,0,0,0,0,0,0,0,0,0,0,0,0,0,0,0,0,0.00419,0.04805,0.00124,0.02756,0,0,0,0,0,0,0,0,0,0,0,0,0,0,0,0,0,0,0,0,0,0,0,0,0,0,0,0,0,0,0,0.0142,0.01298,0.01092,0.00024,0.00479,0.00115,0.01776,0.00447,0.01601,0.01528,0.01628,0.00204,0.06132,0,0,0,0,0,0,0,0,0,0,0,0,0,0,0.00739,0.00609,0,0,0,0,0,0.01296,0.00819,0.00579,0,0,0,0,0,0,0.00014,0.00288,0.00024,0.01,0.00531,0
"k__Bacteria|p__Firmicutes|c__CFGB2950",0,0,0,0,0,0,0,0,0,0,0,0,0,0,0,0,0,0,0,0,0,0,0,0,0,0,0,0,0,0,0,0,0,0,0,0,0,0,0,0,0.00026,0,0,0,0,0,0,0,0,0,0,0,0,0,0,0,0,0,0,0,0,0,0,0,0,0,0,0,0,0,0,0,0,0,0,0,0,0,0,0,0,0,0,0,0,0,0,0,0,0,0,0,0,0,0,0,0,0,0,0,0,0.14984,0.26017,0.19705,0.10651,0.07627,0,0,0,0,0,0,0,0,0,0,0,0,0,0,0,0,0,0,0,0,0,0,0,0,0,0,0,0,0,0,0,0,0,0,0,0,0,0,0,0,0,0,0,0,0,0,0,0,0,0,0,0,0,0,0,0,0,0,0,0,0,0,0,0,0,0,0,0,0,0,0.02039,0.00725,0.01051,0.05226,0.00187,0.01409,0,0,0,0,0,0,0,0,0,0,0,0,0,0,0,0,0,0,0,0,0,0,0,0,0,0,0,0,0,0,0,0,0,0,0,0,0,0,0,0,0,0,0
"k__Bacteria|p__Firmicutes|c__CFGB3035",0.97307,2.59711,1.70229,0.00347,0.02183,0.61759,0,0,0,0,0,0,0,0,0,0,0,0.4785,0.4941,0.45294,0.49289,0.56937,0.58596,0.08049,0.19432,0.12808,0.05838,0.15738,0,0.04944,0.34965,0,0.06432,0.04502,0,0,0,0.00334,0,0.01364,0,0,0,0,0,0,0,0,1.70236,0.39197,0,1.50842,1.3269,1.91384,0.87407,0,0,0,0,0,0,0,0,0,0,0,0,0,0,0,0,0.77801,0.91823,0.23089,0,0.02572,0,0,0,0,0,0,0.47877,0.43499,0.10186,0.16994,0.11665,0.18907,0.38108,0.23335,0.89039,1.45714,0.87654,1.42502,1.84347,0,0,0,0,0,0,0,0,0,0,0,0,0,0,0,0,0,0,0,0,0,0,0,0,0,0,0,0,0,0,0,0,0,0,0,0,0,0,0,0,0.44149,2.44895,0.07583,0,0.29417,0,0,0.01192,0.09995,0.07882,0,0,0,0,0,0,0,0,0,0,0,0,0,0,0,0,0,0.1879,0.00148,0.02699,0.07611,0.00947,0.00758,0.07038,0,0,0,0,0,0,0,0.07762,0.14371,0.25346,0.29284,0.21853,0.25107,0.49161,0,0,0,0,0,0,0,0,0,0,0,0,0,0,0,0,0,0,0,0,0,0,0,0,0,0,0,0,0,0,0,0.05713,0.10185,0,0,0,0.21985,0.38683,0.40869,0.28647,0.10081,0.16371
"k__Bacteria|p__Firmicutes|c__CFGB3047",0,0,0,0,0,0,0,0,0,0,0,0,0,0,0,0,0,0,0,0,0,0,0,0,0,0,0,0,0.00096,0.00011,0,0,0,0,0,0,0.02175,0.00982,0.03866,0.01003,0.01023,0,0,0,0,0,0,0,0,0,0,0,0.00194,0,0,0,0,0,0,0,0,0.05175,0.12651,0.02483,0,0.05237,0.03228,0,0,0,0.22525,0,0,0,0,0,0.00442,0.00204,0.00731,0.0404,0.00734,0.00916,0,0.00123,0.00538,0.01226,0.00554,0.02267,0.00081,0.00637,0.00547,0.00642,0.00244,0.00205,0,0,0,0,0,0.01254,0.01054,0.0034,0.00207,0.00844,0.00091,0.00048,0,0,0,0,0,0,0,0,0,0,0,0,0,0,0,0,0,0,0,0,0,0,0,0,0,0,0,0,0,0,0.01292,0.00242,0.00349,0.01077,0.05422,0,0,0,0,0,0,0,0,0.0041,0,0.00182,0.03086,0.0222,0.02471,0.01041,0.02184,0.01065,0,0,0,0,0.00674,0.00873,0.01195,0.00614,0.00768,0.01131,0.00646,0.00319,0,0,0,0,0,0,0,0,0,0,0,0,0,0.01776,0.04577,0.01031,0.00616,0,0.01207,0,0,0,0,0,0,0,0,0,0,0,0,0.07411,0,0,0,0,0,0,0,0.00721,0.00931,0.00542,0.00212,0.00204,0,0,0,0.02823,0,0.01086,0.0143,0.01842,0.01188,0.01821,0.03991
"k__Bacteria|p__Firmicutes|c__CFGB3048",0,0,0,0,0,0,0,0,0,0,0,0,0,0,0,0,0,0,0,0,0,0,0,0,0,0,0,0,0,0.00967,0.00226,0,0,0.02652,0,0,0.15539,0.20621,0.14848,0.11562,0.17142,0,0,0,0,0,0,0,0,0,0,0,0,0,0,0,0,0,0,0,0,0,0,0,0,0,0,0,0,0,0,0,0,0,0,0,0,0,0,0,0,0,0.00588,0.02322,0.04831,0.0252,0.07685,0.01249,0.01815,0.10633,0,0,0,0,0,0,0,0,0,0.02465,0.04506,0.07264,0.09746,0.01596,0.0835,0.03201,0,0,0,0,0,0,0,0,0,0,0,0,0,0,0,0,0,0,0,0,0,0,0,0,0,0,0,0,0,0,0,0,0,0,0,0.03666,0.09046,0.01411,0.06116,0.20964,0.00291,0.0325,0.03215,0.16276,0,0.00746,0,0,0,0,0,0,0,0,0,0,0,0,0.14334,0.12087,0.11378,0.03584,0.07528,0.08019,0.01427,0,0,0,0,0,0.11569,0.11652,0.12463,0.14236,0.16732,0.14493,0.21176,0.14124,0.04934,0.15163,0.14731,0.10178,0.11888,0,0,0,0,0,0,0,0,0,0,0,0,0,0,0,0,0,0,0,0,0.14564,0.17872,0.12724,0.14414,0.0276,0,0,0,0,0,0.04029,0.07522,0.04743,0.04252,0.06361,0.04342
"k__Bacteria|p__Firmicutes|c__CFGB3053",0,0.00557,0.09986,0.0734,0.01728,0.00315,0.00451,0,0,0,0,0.063,0.0626,0.05975,0.07078,0.03089,0,0.02195,0.00265,0.00594,0.00163,0,0,0,0.00181,0,0,0.00353,0.01762,0.03935,0.01259,0,0.06844,0.02249,0,0,0.01402,0.03062,0.01577,0.01733,0.01185,0,0,0,0,0,0,0,0,0.03732,0,0.06572,0.06819,0.10763,0.09448,0.00473,0.03643,0,0,0.03736,0.02474,0.06522,0.03457,0.05635,0,0.06801,0.00679,0.07872,0.01896,0.05096,0.05941,0,0,0,0,0,0.02624,0.08984,0.02306,0.03816,0.0347,0.04914,0,0,0.00269,0.00235,0.00228,0.01972,0.0024,0.00348,0.02051,0.01956,0.00706,0.04452,0.03023,0.00205,0.03068,0.0112,0.00319,0,0,0,0,0,0,0,0.02584,0.03297,0.04494,0.00556,0.02632,0,0.02023,0.03034,0.02594,0,0.04841,0,0,0,0,0,0,0,0,0,0,0.09314,0.09627,0.04771,0.0581,0.12359,0.10952,0.17312,0,0.06561,0.08656,0.03574,0.04481,0.10208,0.1288,0.00133,0,0.00887,0,0.0778,0.00933,0.02623,0.00769,0.07158,0,0.03336,0.03545,0.02117,0.00806,0.0344,0.0461,0.03883,0.0028,0.01723,0.01587,0.02238,0.04637,0,0.00846,0.01856,0.04348,0.02147,0.0298,0.02328,0.02486,0,0,0,0,0,0.00467,0.00563,0.00167,0,0.0072,0.01115,0.00442,0.04076,0.03568,0.03514,0.02145,0.08302,0.02974,0,0.1132,0.17444,0.12108,0.021,0.01192,0,0,0,0,0,0.19105,0.10499,0.00204,0.06688,0,0.0055,0,0,0.01192,0.00259,0.0096,0.00948,0.01177,0.00601,0,0,0.00059,0.17614,0,0.02717,0.0159,0.01295,0.01756,0.01995,0.05595
"k__Bacteria|p__Firmicutes|c__CFGB3546",0,0,0,0,0,0,0,0,0,0,0,0,0,0,0,0,0,0.00389,0.0075,0.01064,0.00727,0.00576,0.00178,0,0,0,0,0,0,0,0,0,0,0,0,0,0,0,0,0,0,0,0,0,0,0,0,0,0,0,0,0,0,0,0,0,0,0,0,0,0,0,0,0,0,0,0,0,0,0,0,0,0,0,0,0,0,0,0,0,0,0,0,0,0,0,0,0,0,0,0,0,0,0,0,0,0,0,0,0,0,0,0,0,0,0,0,0,0,0,0,0,0,0,0,0,0,0,0,0,0,0,0,0,0,0,0,0,0,0,0,0,0,0,0,0,0,0,0,0,0,0,0,0,0,0,0,0,0,0,0,0,0,0,0,0,0,0,0,0,0,0,0,0,0,0,0,0,0,0,0,0,0,0,0,0,0,0,0,0,0,0,0,0,0,0,0,0,0,0,0,0,0,0,0,0,0,0,0,0,0,0,0,0,0,0,0,0,0,0,0,0,0,0,0,0,0,0,0,0,0,0,0,0,0
"k__Bacteria|p__Firmicutes|c__CFGB3608",0,0,0,0,0,0,0,0,0,0,0,0,0,0,0,0,0,0,0,0,0,0,0,0.00388,0.03707,0.02684,0.04148,0.02804,0.02584,0.00359,0,0,0,0.00849,0,0,0,0.00074,0,0,0,0,0,0,0,0,0,0,0,0,0,0,0,0,0.01603,0,0,0,0,0,0,0,0,0,0,0,0,0,0,0,0,0,0,0,0,0,0,0,0,0,0,0,0.00432,0.00333,0.01633,0.01757,0.02272,0.00967,0.00674,0.0093,0,0,0,0,0,0,0,0,0,0,0,0,0,0,0,0,0,0.00064,0.00057,0,0,0,0,0,0,0,0,0,0,0,0,0,0,0,0,0,0,0,0,0,0,0,0,0,0,0.00585,0.02504,0.01104,0.00016,0.00351,0.00149,0,0,0,0.00065,0.00232,0,0.00041,0,0.0032,0,0,0.0063,0.00156,0.00255,0,0,0.00065,0,0,0,0,0.00218,0,0,0.00036,0,0,0,0,0,0,0,0,0,0,0.00399,0.0024,0.003,0.00311,0.00429,0.003,0.00443,0.02847,0.02522,0.01668,0.02137,0.00511,0.02139,0,0,0,0,0,0,0,0,0,0,0,0,0,0,0.00041,0.0027,0,0.00103,0.00044,0.00132,0,0,0,0,0,0,0,0,0,0,0.0021,0.00402,0.0023,0.0054,0.00409,0.00845
"k__Bacteria|p__Firmicutes|c__CFGB40183",0.00414,0.00202,0.00122,0,0,0,0,0,0,0,0,0,0,0,0,0,0,0,0,0,0,0,0.00119,0.00041,0,0,0,0,0.00098,0,0,0,0,0,0,0,0,0,0,0,0,0,0,0,0,0,0,0,0.03691,0,0,0,0,0,0,0,0,0,0,0,0,0,0,0,0,0,0,0,0,0,0,0,0,0,0,0.00092,0,0,0,0,0,0,0,0,0.0025,0.00077,0.00069,0.00386,0.02408,0.00429,0,0,0,0,0,0.00126,0,0,0,0,0,0,0,0,0,0,0,0,0,0,0,0,0,0,0,0,0,0,0,0,0,0,0,0,0,0,0,0,0,0,0,0,0,0,0,0,0,0,0,0,0,0,0,0.00135,0,0,0,0,0,0,0,0,0,0,0,0,0,0,0,0,0,0,0,0,0,0,0,0,0,0,0,0,0,0,0,0,0,0,0,0,0,0,0,0,0,0,0,0,0,0,0,0,0,0,0,0,0,0,0,0,0,0,0,0,0,0,0,0,0,0,0,0,0,0,0,0,0,0,0,0,0,0.00078,0,0,0
"k__Bacteria|p__Firmicutes|c__CFGB40382",0,0,0,0,0,0,0,0,0,0,0,0,0,0,0,0,0,0.00201,0.00183,7e-05,0.00541,0.00494,0.01428,0.05412,0.02481,0.00701,0.00878,0.0245,0.00506,0,0,0,0,0.00081,0,0,0,0,0,0,0,0,0,0,0,0,0,0,0,0,0,0,0,0,0,0,0,0,0,0,0,0,0,0,0,0,0,0,0,0,0,0,0,0,0,0,0,0,0,0,0,0,0,0,0.03015,0.03578,0.07586,0.04829,0.02058,0.03305,0,0,0,0,0,0,0,0,0,0,0,0,0,0,0,0,0,0,0,0,0,0,0,0,0,0,0,0,0,0,0,0,0,0,0,0,0,0,0,0,0,0,0,0,0,0,0,0,0,0,0,0,0.0086,0,0.00674,0,0,0,0,0,0,0,0,0,0,0,0,0,0,0.03377,0.03171,0.01781,0.02712,0,0,0.00342,0,0,0,0,0,0,0,0,0,0,0.01375,0.13959,0.24492,0.11056,0.00094,0.03883,0.24659,0,0,0,0,0,0,0,0,0,0,0,0,0,0,0,0,0,0,0,0,0,0,0,0,0,0,0,0,0,0,0,0,0,0,0,0,0,0,0,0,0,0
"k__Bacteria|p__Firmicutes|c__CFGB41366",0,0,0,0,0,0,0,0,0,0,0,0,0,0,0,0,0,0,0,0,0,0,0.00464,0,0,0,0,0,0,0,0,0,0,0,0,0,0,0,0,0,0,0,0,0,0,0,0,0,0,0,0,0,0,0,0,0,0,0,0,0,0,0,0,0,0,0,0,0,0,0,0,0,0,0,0,0,0,0,0,0,0,0,0,0,0,0,0,0,0,0,0,0,0,0,0,0,0,0,0,0,0,0,0,0,0,0,0,0,0,0,0,0,0,0,0,0,0,0,0,0,0,0,0,0,0,0,0,0,0,0,0,0,0,0,0,0,0,0,0,0,0,0,0,0,0,0,0,0,0,0,0,0,0,0,0,0,0,0,0,0,0,0,0,0,0,0.00441,0,0,0.00479,0,0,0,0,0,0,0,0.00315,0.00374,0.00115,0,6e-05,0,0.0016,0,0,0,0,0,0,0,0,0,0,0,0,0,0,0,0,0,0,0,0,0,0,0,0,0,0,0,0,0,0,0,0,0,0,0,0,0,0,0,0,0,0
"k__Bacteria|p__Firmicutes|c__CFGB41715",0,0,0,0,0,0,0,0,0,0,0,0,0,0,0,0,0,0,0,0,0,0,0,0,0,0,0,0,0,0,0.0013,0,0,0,0,0,0,0,0,0,0,0,0,0,0,0,0,0,0,0,0,0,0,0,0,0,0,0,0,0,0,0,0,0,0,0,0,0,0,0,0,0,0,0,0,0,0,0,0,0,0,0,0,0,0,0,0,0,0,0,0,0,0,0,0,0,0,0,0,0,0,0,0,0,0,0,0,0,0,0,0,0,0,0,0,0,0,0,0,0,0.63489,0.29776,0.34306,0.21779,0.03821,0.10363,0,0,0,0,0,0,0,0,0,0,0,0,0,0,0,0,0,0,0,0,0,0,0,0,0,0,0,0,0,0,0,0,0,0,0,0,0,0,0,0,0,0,0,0,0,0,0,0,0,0,0,0,0,0,0,0,0,0,0,0,0,0,0,0,0,0,0,0,0,0,0,0,0,0,0,0,0,0,0,0,0,0,0,0,0,0,0,0,0,0,0,0,0,0,0,0,0,0,0
"k__Bacteria|p__Firmicutes|c__CFGB42358",0,0,0,0,0,0,0,0,0,0,0,0,0,0,0,0,0,0,0,0,0,0,0,0,0,0,0,0,0,0,0,0,0,0,0,0,0,0,0,0,0,0,0,0,0,0,0,0,0,0,0,0,0,0,0,0,0,0,0,0,0,0.01192,0.01031,0.02392,0.01332,0.0231,0.0315,0.0043,0.00232,0.01104,0.02649,0,0,0,0,0,0,0,0,0,0,0,0,0,0,0,0,0,0,0,0.00452,0.00392,0.01134,0.00287,0.00061,0,0,0,0,0,0,0,0,0,0,0,0,0,0,0,0,0,0,0,0,0,0.01605,0,0,0,0,0,0,0,0,0,0,0,0,0,0,0,0,0,0,0.0036,0.00448,0,0,0.01397,0.01134,0,0,0,0,0,0,0,0,0,0,0,0.02951,0.02036,0.03788,0.03456,0.03883,0.02267,0,0,0,0,0,0,0,0,0,0,0,0,0,0,0,0,0,0,0,0,0,0,0,0,0,0,0,0,0,0,0,0,0,0,0,0,0,0,0,0,0,0,0,0,0,0,0,0,0,0,0,0,0,0,0,0,0.00805,0.03427,0.02227,0.15162,0,0.0053,0.00534,0.00431,0.00458,0.00375,0.00362
"k__Bacteria|p__Firmicutes|c__CFGB42691",0,0,0,0,0,0,0,0.2593,0.11102,0.0569,0.09848,0,0,0,0,0,0,0.11507,0.08557,0.06411,0.04061,0.04362,0.04547,0,0,0,0,0,0,0,0,0,0,0,0,0,0.05982,0.10901,0.0444,0.06235,0.03873,0,0,0,0,0,0,0,0,0,0,0,0,0,0,0,0,0,0,0,0,0,0,0,0,0,0,0,0,0,0,0,0,0,0,0,0.12536,0.06133,0.06938,0.16407,0.09696,0.0788,0,0.00577,0.01473,0.02049,0.03481,0.01505,0.01524,0.06661,0.04909,0.07618,0.01247,0.05007,0.04164,0,0,0,0,0.03026,0.02569,0.0455,0.03523,0.05559,0.0598,0.023,0,0,0,0,0,0,0,0,0,0,0,0,0,0,0,0,0,0,0,0,0,0,0,0,0,0,0,0,0,0,0,0,0,0,0,0.0491,0.02934,0.02959,0.01011,0,0,0,0,0,0,0,0,0,0,0,0,0,0,0,0.02142,0,0.00856,0.01209,0.09322,0.09321,0.04785,0.04968,0.05094,0.04219,0.02074,0,0,0,0,0,0.03603,0.05086,0.05675,0.03801,0.05763,0.04456,0.02952,0,0,0,0,0,0,0,0,0,0,0,0,0,0,0,0,0,0,0,0,0,0,0,0,0,0,0.03904,0.04494,0.03115,0.05652,0.01817,0,0,0,0,0,0,0,0,0,0,0
"k__Bacteria|p__Firmicutes|c__CFGB4549",0,0,0,0,0,0,0,0,0,0,0,0,0,0,0.00012,0,0,0,0,0,0,0,0,0,0,0,0,0,0,0,0,0,0,0,0,0,0,0,0,0,0,0,0,0,0,0,0,0,0,0,0,0,0,0,0,0,0,0,0,0,0,0.00226,0.00136,0.00397,0,0.00199,0,0.01,0.00286,0.00201,0.00928,0,0,0,0,0,0,0,0,0,0,0,0,0,0,0,0,0,0,0,0,0,0,0,0,0.00625,0,0,0,0,0,0,0,0,0,0,0.00127,0,0,0,0.00118,0,0,0,0,0,0.0018,0,0,0,0,0,0,0,0,0,0.03769,0.01669,0.01405,0.00941,0.01173,0.01443,0.0084,0.01466,0,0.00349,0,0,0.00015,0,0.0065,0,0,0,0,0,0,0,0,0,0,0,0,0,0,0,0,0,0,0,0,0,0,0,0,0,0,0,0,0,0,0,0.01248,0.01702,0.03865,0,0,0,0,0,0,0,0,0.00601,0.0021,0.00388,0.00415,0,0.00858,0,0.05738,0.01098,0.01286,0.08441,0.05042,0,0,0.01742,0.00598,0,0.00189,0,0,0,0,0,0,0,0,0,0,0,0,0,0,0,0,0,0,0.00256,0.003,0.00297,0.00043,0.0017,0.00329
"k__Bacteria|p__Firmicutes|c__CFGB9612",0,0,0,0,0,0,0,0,0,0,0,0,0,0,0,0,0,0.17292,0.19065,0.13384,0.24307,0.1082,0.19352,0.00938,0.00519,0.00081,0,0.00033,0.00931,0.13231,0.65918,0,0.43783,0.33831,0,0,0,0,0,0,0,0,0,0,0,0,0,0,0,0,0,0,0,0,0,0,0,0,0,0,0,0,0,0,0,0,0,0,0,0,0,0,0,0,0,0,0,0,0,0,0,0,0,0,0.00787,0.01244,0.01739,0.01784,0.00024,0.00695,0,0,0,0,0,0.00266,0,0,0,0,0,0,0,0,0,0,0,0,0,0,0,0,0,0,0,0,0,0,0,0,0,0,0,0,0,0,0,0,0,0,0,0,0,0,0,0,0,0,0,0,0,0,0.00325,0,0.01002,0,0,0,0,0,0,0,0,0,0,0,0,0,0,0,0,0,0,0,0,0,0,0,0,0,0,0,0,0,0,0,5e-04,0.00092,0.00533,0.00821,0.00355,0.00586,0.01745,0,0,0,0.00363,0,0,0,0,0,0,0,0,0,0,0,0,0,0,0,0,0,0,0,0,0,0,0,0,0,0,0,0,0,0,0,0,0,0,0,0,0,0
"k__Bacteria|p__Firmicutes|c__CFGB9732",0,0,0,0,0,0,0,0,0,0,0,0,0,0,0,0,0,0,0,0,0,0,0,0,0,0,0,0,0,0,0,0,0,0,0,0,0,0,0,0,0,0,0,0,0,0,0,0,0,0,0,0,0,0,0,0,0,0,0,0,0,0,0,0,0,0,0,0,0,0,0,0,0.00049,0,0,0.00649,0,0,0,0,0,0,0,0,0,0,0,0,0,0,0,0,0,0,0,0.0029,0,0.00403,0.00486,0,0,0,0,0,0,0,0,0,0,0,0,0,0,0,0,0,0,0,0,0,0,0,0,0,0,0,0,0,0,0,0,0,0,0,0,0,0,0,0,0,0,0,0,0,0,0,0,0,0,0,0,0,0,0,0,0,0,0,0,0,0,0,0,0,0,0,0,0,0,0,0,0,0,0,0,0,0,0,0,0,0,0,0,0,0,0,0,0,0,0,0,0,0,0,0,0,0,0,0,0,0,0.04305,0,0,0,0,0,0,0,0,0,0,0,0,0,0,0,0,0,0,0,0,0,0,0
"k__Bacteria|p__Firmicutes|c__CFGB9736",0,0,0,0,0,0,0,0,0,0,0,0,0,0,0,0,0,0,0,0,0,0,0,0.00464,0.00364,0.00346,7e-05,0.01344,0.00196,0,0,0,0,0,0,0,0,0,0,0,0,0,0,0,0,0,0,0,0,0,0,0,0,0,0,0,0,0,0,0,0,0,0,0,0,0,0,0,0,0,0,0,0,0,0,0,0,0,0.00058,0,0,0,0,0,0.01511,0.0095,0.00735,0.00025,0,0,0,0,0,0,0,0.00103,0.00023,0,0.00044,0,0,0,0,0,0,0,0,0,0,0,0,0,0,0,0,0,0,0,0,0,0,0,0,0,0,0,0,0,0,0,0,0,0,0,0,0,0,0,0,0,0,0,0,0,0,0,0,0,0,0,0,0,0,0,0,0,0,0,0,0,0,0,0,0,0.00295,0.00356,0.00068,0,0,0,0,0,0,0,0,0,0,0,0,0,0,0,0,0,0,0,0,0,0,0,0,0,0,0,0,0,0,0,0,0,0,0,0,0,0,0,0,0,0,0,0,0,0,0,0,0,0,0,0,0,0,0,0,0,0
"k__Bacteria|p__Firmicutes|c__CFGB9830",0,0,0,0,0,0,0,0,0,0,0,0,0,0,0,0,0,0,0,0,0,0,0,0,0,0,0,0,0,0,0,0,0,0,0,0,0,0,0,0,0,0,0,0,0,0,0,0,0,0,0,0,0,0,0,0,0,0,0,0,0,0,0,0,0,0,0,0,0,0,0,0,0,0,0,0,0,0,0,0,0,0,0,0,0,0,0,0.00085,0,0.00463,0,0,0,0,0,0,0,0,0,0,0,0,0,0,0,0,0,0,0,0,0,0,0,0,0,0,0,0,0,0,0,0,0,0,0,0,0,0,0,0,0,0,0,0,0,0,0.004,0,0.01001,0,0.08226,0,0,0,0,0,0,0,0,0,0,0,0,0,0,0,0,0,0,0,0,0,0,0,0,0,0,0,0,0,0,0,0,0,0,0,0.00276,0.00768,0.00081,0,0.00992,0.01304,0,0,0,0,0,0,0.01893,0,0,0,0,0,0,0,0,0,0,0,0,0,0,0,0,0,0,0,0,0.00026,0.05607,0.0306,0.00853,0,0,0,0,0,0,0.01643,0.04732,0.00968,0.00299,0.01654,0.04151
"k__Bacteria|p__Firmicutes|c__Clostridia",42.13975,48.06131,51.90923,57.38096,48.80355,34.25679,64.94951,86.87838,75.47992,81.74074,82.32646,64.29752,63.51497,70.08235,69.14056,65.4471,58.4801,76.02783,76.41476,78.19443,76.29372,72.7119,67.10063,47.08598,64.4661,66.42091,59.09267,70.70276,58.09668,57.76576,50.84303,3.03523,47.2202,48.9039,1.53943,7.05073,72.26376,82.53612,65.32791,74.87403,64.57945,11.01356,42.86079,34.62643,64.2521,48.57004,40.72543,31.38081,46.88732,50.58276,14.86178,50.863,49.54688,51.16293,45.56326,39.63174,32.74096,23.97173,34.88114,3.05173,22.15526,58.39041,56.67551,58.77452,71.41225,50.17095,58.16968,71.31443,73.37073,83.12995,55.7887,49.69557,45.87254,43.10066,49.16397,46.38394,65.49583,54.3067,60.19747,53.59124,52.94356,65.66735,54.58802,63.41637,67.15053,61.69693,60.11661,66.36945,58.64283,64.09928,60.65271,65.40935,56.05046,63.68618,47.42408,49.94811,64.25189,66.16636,61.47338,44.76271,36.87593,60.10701,51.44337,54.66847,63.22552,58.14446,58.32674,55.32044,53.43156,59.35471,57.92774,53.58907,58.86975,48.35251,51.45052,52.05595,46.00094,32.03543,28.46303,12.86209,59.39877,74.0513,76.47066,79.39222,85.40221,82.60849,75.13691,58.7115,55.67078,74.26649,65.43232,60.36611,64.34853,48.89963,1.92846,51.39755,61.84581,65.6348,62.1069,55.07841,56.33239,50.3634,65.74086,53.53217,59.66453,55.10767,34.27052,65.38343,37.0944,49.86512,16.54536,44.82846,48.66893,52.4954,56.98435,49.67138,45.70137,39.2602,57.1548,39.30666,44.80765,38.25535,38.9974,25.34448,64.91517,63.90056,56.73198,47.47206,49.95329,41.38491,48.78029,68.54515,66.26614,61.34254,65.85058,60.96771,68.403,72.03761,69.14736,65.51534,66.81019,65.57853,68.25664,61.53017,59.19835,55.33292,64.45545,72.50068,54.8714,39.36526,66.29974,68.93056,65.90776,54.2277,66.874,63.92353,74.39087,70.61386,75.38387,68.39927,66.09471,37.77573,70.008,61.75775,63.65053,56.11722,75.37595,81.62914,78.62524,77.70343,62.64274,64.69474,48.23413,61.64914,43.21809,33.44972,64.64978,65.16853,19.66169,50.39883,52.16074,51.66237,54.29553,64.88985,58.42947
"k__Bacteria|p__Firmicutes|c__Erysipelotrichia",2.75114,3.50158,3.23469,3.64227,1.39026,0.6054,4.73773,0.89026,1.54694,0.78345,0.21122,0.3834,0.48324,0.23253,0.39179,0.47542,0.89437,0.78903,0.77685,1.10296,1.12932,0.85376,0.79447,2.62236,1.06846,1.52282,1.43683,0.92842,0.60388,1.58638,1.4083,0,2.07322,1.89697,0.06585,0.24133,0.91088,0.81417,1.29864,1.04914,1.1988,0.34864,2.19731,3.11341,3.0889,5.29868,2.44991,1.84196,3.70356,0.28406,0,0.28664,0.4481,0.26111,0.18836,0.79307,0.28141,0.0282,0.91565,0.51783,0.22457,0.92661,0.56707,0.28457,0.55446,0.40449,0.42308,0.9427,0.96805,1.63852,0.35035,0.96277,0.91848,0.86004,1.91562,2.25295,1.94203,1.18548,1.21927,1.391,0.8966,1.15294,1.20412,1.24943,1.6149,2.35068,2.18415,1.93643,3.0505,1.84502,0.35068,0.54519,0.41504,0.84533,0.44418,0.95196,0.88813,1.36882,2.99999,0.43711,0.45862,0.84581,0.28142,0.1715,0.15919,0.35612,0.95631,0.85975,1.41605,0.9735,0.58971,13.24375,4.70112,7.23185,2.86096,2.1084,1.35363,2.36706,1.23497,1.95969,6.28797,3.90665,2.15889,0.39694,0.51789,1.56937,3.04121,1.39935,1.43618,1.10473,0.86377,0.60316,0.89907,0.73808,0.77941,0.97202,0.63354,0.30483,2.30071,0.5933,0.75435,0.31455,0.58201,0.42059,0.10965,4.56536,4.05754,2.21848,3.10887,2.05133,2.38435,4.5695,1.99248,2.0931,0.9875,1.26144,1.15609,0.47388,4.81964,2.04551,1.68566,1.61635,0.74426,0.47148,0.44107,0.26388,0.58616,0.56291,0.29749,0.52309,1.07438,2.10088,9.97146,10.50971,5.75437,4.78307,0.46618,0.63893,0.7353,0.63723,1.42133,0.47998,0.60436,0.64392,0.86695,0.96655,1.10915,0.80766,0.62948,1.77696,4.42759,4.06492,3.43494,6.12848,3.51583,3.85405,10.36996,5.06182,4.59598,1.3261,1.2899,0.31862,0.20308,0.26228,0.39742,0.34878,0.90614,0.5324,0.86159,0.15042,0.21962,0.10213,0.22715,0.13428,2.08931,3.23165,3.24487,2.21598,0.36602,0.52062,0.42665,0.30594,0.28718,0.45184,0.7099
"k__Bacteria|p__Firmicutes|c__Firmicutes_unclassified",0,0,0,0,0,0,0.02315,0,0,0,0,0.44003,0.25224,0.24376,0.16544,0.19523,0.29946,0.00431,0.00643,0.00759,0.00928,0.00671,0.14905,0,0.02327,0.01549,0.02038,0.00396,0.12409,0.05146,0.444,0,0.34999,0.26083,0,0,0.56001,0.35123,0.36166,0.42796,0.20158,0,0,0,0,0,0,0,0.02803,0,0,0,0,0,0,0,0,0,0,0,0,0,0,0,0,0,0,0,0,0,0,0.47406,0.26087,0.06791,0.02586,0.02921,0.00519,0.00307,0.00159,0.01226,0.12223,0.06295,0.04176,0.21569,1.00634,0.80681,0.2741,0.54558,0.1642,1.06043,0.01694,0.02168,0,0.01215,0.0365,0.25744,0.11652,0.06837,0.07116,0.07823,0.06514,0.0424,0.06089,0.02543,0.08173,0.07799,0.14511,0.40449,0.16123,0.01368,0.33637,0,0,0,0,0,0,0,0,0,0,0,0,0,0,0,0,0.33421,1.09826,0.44077,0.05248,0.15436,0.72057,0.06626,0,0,0,0,0,0,0,0.06423,0.03467,0.03991,0.12226,0.22949,0.02849,0.03004,0.01859,0.01366,0,0.00249,0.11943,0.14165,0.0561,0.61705,1.08058,0.03586,0.01592,0.00072,0.02057,0.00982,0.08132,0.02228,0.01916,0.02166,0.01436,0.03761,0.00586,0,0,0,0,0,0,0,0.93802,0.67463,0.46868,0.1712,0.3755,0.33977,0.14136,0,0,0,0,0,0,0,0,0,0,0,0,0,0,0,0,0,0,0,0.06867,0.23248,0,0,0.10487,0.16161,0.20128,0.11094,0.07551,0.02402,0.0842,0.16851,0,0,0,0,0,0.12763,0.13453,0.10154,0.34496,0.25833,0.10074
"k__Bacteria|p__Firmicutes|c__Negativicutes",0.73319,0.83023,1.88924,0.8096,0.41207,0.5037,0.73667,1.45309,0.67131,0.22475,0.83961,0.67236,0.77482,0.95874,1.12195,0.605,0.01352,1.15474,1.05908,1.251,0.78964,0.72385,0.72667,0.61352,1.38337,1.25661,1.1549,2.56231,1.4947,0.30521,0.18461,0,0.38865,0.1637,5.4402,7.34006,0.01887,0.02671,0.01304,0.03916,0.05898,9.87529,4.21217,1.98928,4.07165,2.59597,8.08641,2.6852,1.75221,3.89529,0.47586,5.62045,7.38047,6.8372,8.49998,0.82697,3.01227,0.0601,6.7197,0.46025,4.33244,0.93313,1.02185,1.12914,0.68558,1.01374,1.13011,2.20903,1.82452,2.1261,0.89022,7.43005,7.33298,8.72268,7.04204,6.48684,0.72195,0.57477,0.46904,0.60914,0.63186,0.49877,0.80731,0.88926,0.68225,0.66881,0.47428,0.42379,0.63468,0.75978,2.12405,0.66165,0.56803,0.57714,0.51909,1.84605,1.94121,1.5848,2.20585,3.48332,2.2601,1.88848,1.49615,1.92938,1.73735,2.03025,2.02226,2.00491,3.66646,0.87899,2.94082,0.00577,3.12303,1.88728,2.28693,0.5834,3.08808,3.7333,4.47773,0.22481,0.10745,0.03604,0,0.00767,0.00036,3.26949,1.26634,1.81881,1.579,1.72782,1.31968,2.47671,2.86409,5.53887,5.60317,1.77163,1.53083,0.66268,2.82293,1.66279,0.70293,1.03886,0.4339,0.58831,0.91916,2.61519,1.59045,1.32551,1.15085,3.72917,2.44232,2.51606,0.0077,0.0028,0.02488,0.12122,0,0,0.00589,0.86044,3.40113,2.02958,2.82707,8.70358,3.7446,3.0531,3.06935,3.79334,1.75766,2.54713,4.1945,10.13023,3.21178,4.53048,4.31838,5.80438,0.20757,0.3069,0.39189,0.40981,0.46483,0.70717,0.51631,2.5097,2.24252,2.56044,2.60385,3.03692,1.71275,0.68361,1.38776,0.7338,0.90242,3.2931,1.33132,0.41621,0.60859,1.84358,2.74259,3.76311,2.67662,4.37833,1.13888,0.59409,0.87616,2.16937,0.81887,0.98532,0.90216,0.49534,1.16418,0.86194,0.88035,0.08292,1.54167,1.40732,1.2581,0.48114,1.50126,0.5614,0.44192,0.69672,0.42089,0.32946,0.44972
"k__Bacteria|p__Firmicutes|c__Tissierellia",0,0,0,0,0,0,0,0,0,0.00025,0,0,0,0,0,0,0,0,0,0,0,0,0,0.00212,0,0,0,0.00277,0.0159,0,0.5297,0,0.90608,0.54298,0,0.01541,0,0,0.03992,0,0,0.00518,0,0,0,0,0,0,0,0,0,0,0.00363,0,0,0,0,0,0,0,0,0,0,0,0,0,0.01836,0,0,0,0.00102,0.00678,0.02643,0,0.04181,0.09726,0,0,0,0,0,0,0.00546,0,0,0.00823,0.00037,0,0.0057,0.02061,0,0,0.0178,0.00025,0.592,0.01355,0.01758,0,0,0,0,0,0,0,0,0,0,0,0,0,0,0,0,0,0.00561,0.00132,0,0,0,0,0.83839,0,0.00817,0,0.01942,0,0,0,0,0,0,0,0.00042,0,0,0,0.00263,0,0,0,0,0,0.00601,0,0,0,0,0,0,0.14976,0,0,0,0,0,0,0,0.01009,0,0.00578,0,0,0,0,0,0,0,0,0,0,0,0,0,0,0,0,0,0,0,0,0,0,0,0,0,0,0,0,0,0,0,0,0,0,0,0,0,0,0,0,0,0,0,0.00054,0,0.03518,0,0,0,0,0,0,0,0,0,0,0,0,0,0,0,0,0,0,0
"k__Bacteria|p__Fusobacteria|c__Fusobacteriia",0,0,0,0,0,0,0,0,0,0,0,0,0,0,0,0,0,0,0,0,0,0,0,0,0,0,0,0,0.00223,0,0,0,0,0.00338,0.0069,0.06407,0,0,0,0,0,0,0.21034,0.02667,0,0.00034,0.00679,0.00502,0,0,0,0,0,0,0,0,0,0,0,0,0.0292,0,0,0,0,0,0,0,0,0,0,0,0,0,0.00261,0,0,0,0,0,0,0,0,0,0,0.00059,0,0,0.00663,0,0,0,0,0,0.06889,0.00852,0.01011,0.00015,0,0,0,0,0,0,0,0,0,0,0,0,0,0,0,0,0,0,0,0,0,0,0,0,0,0,0,0,0,0,0,0,0,0,0,0,0,0,0,0,0,0,0,0,0,0,0,0,0,0.01198,0,0,0,0,0,0,0,0,0,0.00112,0,0,0,0,0,0.00827,0,0,0,0,0,0,0,0.18253,0.46669,0.10706,0.16964,0.09452,0,0,0,0,0,0,0,0,0,0,0,0,0,0,0,0,0,0,0,0,0,0,0,0,0,0,0,0,0,0,0,0,0,0,0,0,0,0,0,0,0,0,0,0,0,0,0,0,0
"k__Bacteria|p__Lentisphaerae|c__Lentisphaeria",0,0,0,0,0,0,0,0,0,0,0,0,0,0,0,0,0,0,0,0,0,0,0,0,0,0,0,0,0,0.0291,0.11703,0,0.12854,0.16852,0,0,0.00521,0,0,0.00576,0,0,0,0,0,0,0,0,0,0,0,0,0,0,0,0,0,0,0,0,0,0,0,0,0,0,0,0,0,0,0,0,0,0,0,0,0,0.00548,0.01178,0.01209,0.01517,0,0,0,0.01026,0.01789,0.0213,0.00316,0.00635,0.06121,0.22103,0.02423,0,0.02541,0.06115,0,0,0,0,0,0,0.14001,0.46962,0.15442,0.15635,0.11315,0,0,0,0,0,0,0,0,0,0,0,0,0,0,0,0,0,0,0,0,0,0,0,0,0,0,0,0,0,0,0,0,0,0,0,0.03084,0.03762,0.03181,0.10011,0,0,0,0,0,0,0,0,0,0,0,0,0,0,0.03554,0.08959,0.10945,0.10987,0.07584,0.01158,0.00426,0.0193,0.00478,0.01212,0.00623,0,0,0,0,0,0,0,0,0,0,0,0,0,0,0,0,0,0,0,0,0,0,0,0,0,0,0,0,0,0,0,0,0,0,0,0,0,0,0,0,0,0,0,0,0,0,0,0,0,0.04362,0.02991,0.0201,0.02353,0.01556,0.0052
"k__Bacteria|p__Planctomycetes|c__Planctomycetia",0,0,0,0,0,0,0,0,0,0,0,0,0,0,0,0,0,0,0,0,0,0,0,0,0,0,0,0,0,0,0,0,0,0,0,0,0.00942,0,0.01219,0.00855,0.00171,0,0,0,0,0,0,0,0,0,0,0,0,0,0,0,0,0,0,0,0,0,0,0,0,0,0,0,0,0,0,0,0,0,0,0,0,0,0,0,0,0,0,0,0,0,0,0,0,0,0.55341,0.17725,0.00906,0.87,0.78995,0,0,0,0,0,0,0,0,0,0,0,0,0,0,0,0,0,0,0,0,0,0,0,0,0,0,0,0,0,0,0,0,0,0,0,0,0,0,0,0,0,0,0,0,0,0,0,0,0,0,0,0,0,0,0,0,0,2.44905,2.9869,1.85221,0.41726,0.01862,7.72719,0.21597,0,0,0,0,0,0,0,0,0,0,0,0,0,0,0,0,0,0,0,0,0,0,0,0,0,0,0,0,0,0,0,0,0,0,0,0,0,0,0,0,0,0,0,0,0,0,0,0,0,0,0,0,0,0,0,0,0,0,0,0,0,0,0,0,0,0
"k__Bacteria|p__Proteobacteria|c__Alphaproteobacteria",0,0,0,0,0,0,0,0,0,0,0,0,0,0,0,0,0,0,0,0,0,0,0,0,0,0,0,0,0,0,0,0,0,0,0,0,2.07265,0.24968,0.22658,0.48028,0.20197,0,0,0,0,0,0,0,0,0,0,0,0,0,0,0,0,0,0,0,0,0,0,0,0,0,0,0,0,0,0,0,0,0,0,0,0.01925,0.02071,0.36676,0.96423,2.43905,0.03337,0,0,0.85197,0.66454,0.83033,0.61123,0.02768,2.58172,0.39563,0.13047,0.01121,0.40922,0.6651,0,0,0,0,0.14045,0.05585,0.09576,0.07921,0.0494,0.08349,0.0303,2.49178,1.20808,0.12615,0,0.88047,0,0,0,0,0,0,0,0,0,0,0,0,0,0,0,0,0,0,0,0,0,0,0,0,0.05547,0.20745,0.49495,0.06735,0.12877,0.0903,2.14242,0.6079,0.11411,0.36169,0,0,0,0,0,0,0,1.52096,0.95247,0.61399,0.12885,0.0913,5.69719,1.23322,0,0,0,0,0,0,0,0,0,0,0,0,0,0,0,0,0,0.23146,0.40467,0.0943,0.14989,0.22656,0.12254,0.00748,0,0,0,0,0,0,0,0,0,0,0,0,0,0,0,0,0,0,0,0.02434,0.04064,0.04126,0.01302,0.12281,0.05196,0.06168,0,0.14442,0.73748,0.225,0,0,0,0,0,0,0,0,0,0,0,0
"k__Bacteria|p__Proteobacteria|c__Betaproteobacteria",0.02107,0.01023,0.00927,0.01164,0.01995,0.01226,0,0,0,0,0,0.63308,0.71945,0.48086,0.49292,0.34783,0,0,0,0,0,0,0,0.297,0.34213,0.38528,0.57192,0.22224,0.12642,0.56984,0.18479,0,0.2149,0.26557,0,0.13562,0.50618,0.21322,0.60937,0.74055,0.50609,0.05484,0.7532,0.38663,0.09018,0.05669,0.11075,0.3773,0.10874,0.87102,2.5722,0.2634,0.43758,0.53117,0.50837,0.3243,0.13749,0,0.01795,0.00564,0.09934,0.85867,0.90348,1.0181,0,0.96641,0.68235,0,0,0,1.01443,0,0,0,0,0,1.35432,0.54345,0.82137,1.41124,1.02416,0.32317,0,0,0.14556,0.28717,0.23144,0.16698,0.0789,0.44153,0.24452,0.07569,0.10074,0.25147,0.26218,0.48405,0.75552,0.41387,0.28865,0.43686,0.3775,0.18296,0.19455,0.32611,0.27463,0.65909,0.22702,0.28452,0.43943,1.47613,1.23067,0,0,0,0.02738,0.14842,0,0,0,0,0,0,0,0,0,0,0,0.756,1.02599,0.55231,0.56299,1.75871,0.47243,0.35424,0,0.83092,0.4028,0.41555,0.02327,0.7325,0.54124,0.30018,0.04827,0.25692,0.09343,0.41878,0.77661,0.31315,0.51591,0.53545,0.8998,0.26006,0.5142,0.58804,0.34294,0.5406,1.05507,0.62077,0.31809,0.19117,0.25813,0.10734,0.10566,0.45972,0.0766,0.23399,0.46973,0.14767,0.71756,1.33423,0.75712,0,0,0,0.01468,0,0.04455,0.02881,0.02853,0.04267,0.03512,0.03937,0.02878,0.59175,0.09381,0.29825,0.23295,0.00232,0.8792,0.08537,0,0,0,0,0,0,0,0,0,0,0,0.9163,0,0,0,0,0,0,0,0,0,0,0,0,0.01056,0.00523,0,0.06859,0.06797,0.34337,0.31121,0.29235,0.20452,0.31575,0.16372
"k__Bacteria|p__Proteobacteria|c__Deltaproteobacteria",0.52569,0.38202,0.73806,0.01316,0.4987,0.07138,0,0,0,0,0,0,0,0,0,0,0,0.35717,0.43741,0.37648,0.46764,0.68729,0.4949,0.41489,0.16135,0.11889,0.17615,0.0553,0.12813,0.7511,0.40163,0,0.8121,0.30459,0,0,0.13729,0.11699,0.12727,0.16457,0.04933,0,0,0,0,0,0,0,0,0,0,0,0,0,0,0,0,0,0,0,0,0.14662,0.11766,0.18621,0,0.12989,0.11266,0,0,0,0.16343,0.27351,0.29447,0.43482,0.65931,1.00717,0.17619,0.31207,0.1373,0.15296,0.19683,0.13962,0.01513,0.0139,0.05646,0.07869,0.09855,0.11694,0.08695,0.07176,0.17885,0.30619,0.02698,0.16958,0.17727,0.23404,0.18118,0.06274,0.16773,0.01124,0.03763,0.09169,0.17891,0.09475,0.34476,0.46207,0.01587,0,0.00737,0.00088,0.12505,0,0,0,0,0,0,0,0,0,0,0,0,0,0,0,0,0.24259,0.33503,0.14261,0.26634,0.52525,0.12708,0.22922,0,0.30326,0.4946,0.3188,0.20044,0.41947,0.38923,0.13143,0.11091,0.1159,0.15887,0.2457,0.05895,0.08731,0.06436,0.50523,0.00558,0.18605,0.75937,0.35951,0.30889,0.34525,0.79506,0.53907,0.96703,0.442,0.81795,0.71875,0.21653,0.28198,0.03927,0.09115,0.21807,0.15868,0.21269,0.23944,0.14326,0,0,0,0,0,0.17852,0.15929,0.12649,0.16495,0.26934,0.22044,0.16667,0,0,0,0,0,0,0,0,0,0,0,0,0,0,0,0,0,0,0,0.2008,0.23229,0.20152,0.12823,0,0.02347,0.05654,0.02354,0.11643,0.04238,0.37259,0.11097,0.07431,0.1791,0.02141,0.68395,1.38706,0.61036,1.06253,0.91939,0.28525,0.09939,0.09486
"k__Bacteria|p__Proteobacteria|c__Epsilonproteobacteria",0,0,0,0,0,0,0,0,0,0,0,0,0,0,0,0,0,0,0,0,0,0,0,0,0,0,0,0.00143,0,0,0,0,0,0,0,0.00804,0,0,0,0,0,0.00236,7e-05,0,0,0,0,0,0,0,0,0,0,0,0,0,0,0,0.00109,0,0.00403,0,0,0,0,0,0,0,0,0,0,0,0,0,0,0,0,0,0,0,0,0,0,0,0,0,0,0,0,0,0,0,0.01086,0,0,0,0,0,0,0,0,0,0,0,0,0,0,0,0,0,0,0,0,0,0,0.02214,0.24403,0,0,0,0.04359,0,0,0,0,0.0012,0,0,0,0,0,0,0,0,0,0,0,0,0,0,0,0,0,0,0,0,0,0,0,0,0,0,0,0,0,0,0,0,0,0.00467,0.00952,0,0,0.00089,0,0,0,0,0,0,0,0,0,0,0,0,0,0,0,0,0,0,0,0,0,0,0,0,0,0,0,0,0,0,0,0,0,0,0.00352,0,0.01859,0,0,0,0,0,0,0,0,0,0,0,0,0,0,0,0,0,0,0,0,0,0,0,0
"k__Bacteria|p__Proteobacteria|c__Gammaproteobacteria",18.87429,16.07817,0.04707,3.10127,22.92378,29.61281,0,0.09866,0.1079,0.08764,0.05647,0.00151,0,0,0,0,0,0,0,0,0,0.02268,0,1.34475,0,0,0.03885,0.00091,0.00334,0.22578,0.21774,0,0.18451,0.39498,3.05883,1.91575,0.00298,0,0,0,0.0037,22.31825,3.04709,1.97503,1.80097,6.08775,7.07827,2.62323,3.06021,0.00819,0,0.0066,0.00278,0.00786,0,0.09927,0.06736,0,0.52035,3.33915,0.83898,0,0,0,18.55923,0,0,0.22308,0.22017,0.49217,0,0.2743,0.31146,1.10788,1.47404,0.12823,0.12129,0.01454,0.01163,0.04134,0,0.02111,2.16164,1.24443,0.00971,0.04565,0.01124,0.01538,0.02054,0.02507,0.2637,0.09336,0.0141,3.01189,0.23236,0.03832,0.00075,0,0.20267,0.04279,0.00745,0.01045,0,0.00527,0.06171,0,0.00258,0.06505,0.00108,0.51448,0.26479,0.79536,1.37683,0.73778,1.1897,0.95177,0.07266,7.63526,6.76341,20.61242,2.66831,1.36401,1.49763,2.12127,1.20064,1.03415,1.40612,0.01992,0.3304,0.03996,0.0131,0.45481,0.00206,0.03722,24.73124,0,0,0,0.03688,0.00036,0,0.002,0,0.15441,0.04111,0.01972,0.11662,0.17092,0.00316,0.06534,0,0,0.04225,0.00025,0.00378,0.0022,0.02232,0.05523,0.70708,0.54606,0.46949,0.39843,1.05385,2.0862,0.00044,0.00841,0,0,0.0393,0.00553,0.01201,17.67307,9.49156,8.03173,17.3157,20.63862,0,0.06263,0.00099,0,0.20555,0.00483,0.02158,12.87816,5.79224,8.6883,5.60674,3.60831,3.59625,34.32,0.809,0.78686,5.69715,0.19177,3.58287,0.4578,1.20197,0.00171,0.0377,0.00275,0,0,0.00836,8.51252,0.27945,0.86567,0.22987,2.1595,0.02188,0,0.00451,0.01396,0.03478,1.14691,0,0.02041,0,4.0311,2.56215,0.78728,0.35327,0.34834,0.07916,0.02494,0.01264
"k__Bacteria|p__Synergistetes|c__Synergistia",0,0,0,0,0,0,0,0,0,0,0,0,0,0,0,0,0,0,0,0,0,0,0,0,0,0,0,0,0,0,0,0,0,0,0,0,0,0,0,0,0,0,0,0,0,0,0,0,0,0,0,0,0,0,0,0,0,0,0,0,0,0,0,0,0,0,0,0,0,0,0,0,0,0,0,0,0,0,0,0,0,0,0,0,0.029,0.03614,0.04094,0.0956,0.00928,0.02086,0.11178,0.14632,0.12207,0.09007,0.58802,0.01868,0,0,0,0,0,0,0.0021,0,0.00495,0.01705,0,0,0,0,0,0,0,0,0,0,0,0,0,0,0,0,0,0,0,0,0,0,0,0,0,0,0,0,0,0,0,0,0,0,0,0,0,0,0,0,0,0,0,0,0,0,0,0,0,0,0,0,0,0,0,0,0,0,0,0,0,0,0,0,0,0,0,0,0,0,0.00179,0,0.00108,0.00579,0,0.00687,0.00126,0,0,0,0,0,0,0,0,0,0,0,0,0,0,0,0,0,0,0,0,0,0,0,0,0,0,0,0,0,0,0,0,0,0,0,0,0,0,0,0,0,0.00565
"k__Bacteria|p__Verrucomicrobia|c__CFGB6128",0,0,0,0,0,0,0,0,0,0,0,0,0,0,0,0,0,0,0,0,0,0,0,0,0,0,0,0,0,0.00037,0,0,0,0.00036,0,0,0,0,0,0,0,0,0,0,0,0,0,0,0,0,0,0,0,0,0,0,0,0,0,0,0,0,0,0,0,0,0,0,0,0,0,0,0,0,0,0,0,0,0,0,0,0,0,0,0,0,0,0,0,0,0,0,0,0,0,0,0,0,0,0,0,0.00162,0.01569,0,0,0,0,0,0,0,0,0,0,0,0,0,0,0,0,0,0,0,0,0,0,0,0,0,0,0,0,0,0,0,0,0,0,0,0,0,0,0,0,0,0,0,0,0,0,0,0,0,0,0,0,0,0,0,0,0,0,0,0,0,0,0,0,0,0,0,0,0,0,0,0,0,0,0,0,0,0,0,0,0,0,0,0,0,0,0,0,0,0,0,0,0,0,0,0,0,0,0,0,0,0,0,0,0,0,0,0,0,0,0,0,0,0,0,0,0,0,0.00118,0,0,0
"k__Bacteria|p__Verrucomicrobia|c__Opitutae",0,0,0,0,0,0,0,0,0,0,0,0,0,0,0,0,0,0,0,0,0,0,0,0,0,0,0,0,0,0,0,0,0,0,0,0,0,0,0,0,0,0,0,0,0,0,0,0,0,0,0,0,0,0,0,0,0,0,0,0,0,0,0,0,0,0,0,0,0,0,0,0,0,0,0,0,0,0,0,0,0,0,0,0,0,0,0,0,0,0,0.03026,0.00131,0,0,0,0,0,0,0,0,0,0.03897,0.69895,0.35331,0.29532,0.07862,0,0,0,0,0,0,0,0,0,0,0,0,0,0,0,0,0,0,0,0,0,0,0,0,0,0,0,0,0,0,0,0,0,0,0,0,0,0,0,0,0,0,0,0,0,0,0,0,0,0,0,0,0,0,0,0,0,0,0,0,0,0,0,0,0,0,0,0,0,0,0,0,0,0,0,0,0,0,0,0,0,0,0,0,0,0,0,0,0,0,0,0,0,0,0,0,0,0,0,0,0,0,0,0,0,0,0,0,0,0,0,0,0,0,0,0,0,0,0
"k__Bacteria|p__Verrucomicrobia|c__Verrucomicrobiae",3.06063,2.43822,0.87273,0.03013,1.70683,2.54338,0,0,0,0,0,0,0,0,0,0,0.00163,3.51602,3.33893,2.35413,3.99864,5.46293,4.68218,9.4255,0.66591,2.77318,1.97594,1.25187,3.83492,6.16806,11.79381,0,0.57497,9.38588,0,0,0.60123,0.05221,0.11554,0.06527,0.14252,0,12.58603,23.14342,16.86687,16.80761,12.29284,13.56914,19.86348,0,0,0,0,0,0,0,0,0,0,0,0,0.55318,0.28022,0.47735,0,0.64868,0.59323,0,0,0,0.11755,0.01975,0.02873,0.00237,0,0.00051,1.43523,10.30542,1.81466,8.94189,5.99609,2.65251,0,0,0.43722,0.23558,0.91596,0.04537,0.0135,0.61515,0,0,0,0,0,1.1242,0.00051,0.00412,0.00128,0.0011,0.03104,0.12924,1.63532,0.32594,0.17358,6.39853,1.44511,0.41366,0.19106,0.00667,0.88823,0,0,0,0,0,0,0,0,0,0,0,0,0,0,0,0,0.37854,1.25028,0.71493,2.20942,1.21694,1.19268,2.14004,0,5.09738,6.39651,5.88734,0,2.82977,0,0,0.09023,0.00072,0.73013,0,0,0,0,0,0,0,2.50691,0.2578,0.74838,0.76376,2.04636,9.55857,0.18086,0.64846,5.83924,10.50231,10.38196,3.2367,0,0,0,0,0,0,0,0,0,0,0,0,0.69616,0.32952,1.61106,1.80327,0.56235,1.28694,0.3921,0,0,0,0,0,0,0,0,0,0,0,0,0,0,0,0,0,0,0,0,0,0,0,0,0,0,0,0.07419,0,1.69486,0,0,0,0,0,0,0.58944,1.4501,1.76075,0.01096,0.04523,1.02103
"k__Eukaryota|p__Ascomycota|c__Saccharomycetes",0,0,0,7.3062,0,0.0073,0,0,0,0,0,0,0,0,0,0.00119,0,0,0,0,0,0,0,0,0,0,0,0,0,0,0,0,0,0,0.80763,0.26114,0,0,0,0,0,0.00827,0,0,0,0,0,0,0,0,0,0,0,0,0,0,0,0.33084,0,0,0,0,0,0,0.0245,0,0,0,0,0,0,0,0,0,0.00081,0,0,0,0,0,0,0,0,0,0,0,0,0,0,0,0,0,0.00207,0,0,0,0,0,0,0,0,0,0,0,0,0,0,0,0,0,0,0,0,0,0,0,0,0.00311,0,0,0,0,0.00702,0,0.00078,0,0,0,0,0,0,0,0,0,0.01969,0,0,0,0,0,0,0,0,0,0,0,0,0,0,0,0,0,0,0,0,0,0,0,0,0,0,0,0,0,0,0,0,0,0,0,0,0,0,0.33188,0.02691,0.01248,0,0,0,0,0,0,0,0,0,0,0,0.23031,0,0.00937,0,0,0,0,0,0,0,0.00081,0,0,0,0,0,0,0,0,0,0,0,0,0,0,0,0,0,0,0,0,0,0,0,0,0,0,0
